vals,stats,model,order,r,s,demo
1,5.5486e-05,DD_0_0,1,2,1e-08,0,constant
2,4.43799e-05,Dr_0_0_l_0,1,2,1e-08,0,constant
3,0.0099999,Hl_0_0,1,2,1e-08,0,constant
4,0.0099999,Hr_0_0,1,2,1e-08,0,constant
5,0.000122187,pi2_0_0_0_0,1,2,1e-08,0,constant
6,5.5486e-05,DD_0_0,1,5,1e-08,0,constant
7,4.43799e-05,Dr_0_0_l_0,1,5,1e-08,0,constant
8,0.0099999,Hl_0_0,1,5,1e-08,0,constant
9,0.0099999,Hr_0_0,1,5,1e-08,0,constant
10,0.000122187,pi2_0_0_0_0,1,5,1e-08,0,constant
11,5.5486e-05,DD_0_0,1,10,1e-08,0,constant
12,4.43799e-05,Dr_0_0_l_0,1,10,1e-08,0,constant
13,0.0099999,Hl_0_0,1,10,1e-08,0,constant
14,0.0099999,Hr_0_0,1,10,1e-08,0,constant
15,0.000122187,pi2_0_0_0_0,1,10,1e-08,0,constant
16,5.5486e-05,DD_0_0,1,20,1e-08,0,constant
17,4.43799e-05,Dr_0_0_l_0,1,20,1e-08,0,constant
18,0.0099999,Hl_0_0,1,20,1e-08,0,constant
19,0.0099999,Hr_0_0,1,20,1e-08,0,constant
20,0.000122187,pi2_0_0_0_0,1,20,1e-08,0,constant
21,5.5486e-05,DD_0_0,1,100,1e-08,0,constant
22,4.43799e-05,Dr_0_0_l_0,1,100,1e-08,0,constant
23,0.0099999,Hl_0_0,1,100,1e-08,0,constant
24,0.0099999,Hr_0_0,1,100,1e-08,0,constant
25,0.000122187,pi2_0_0_0_0,1,100,1e-08,0,constant
26,5.48723e-05,DD_0_0,2,2,1e-07,0,constant
27,4.38102e-05,Dr_0_0_l_0,2,2,1e-07,0,constant
28,0.0099999,Hl_0_0,2,2,1e-07,0,constant
29,0.0099999,Hr_0_0,2,2,1e-07,0,constant
30,0.000121902,pi2_0_0_0_0,2,2,1e-07,0,constant
31,5.48723e-05,DD_0_0,2,5,1e-07,0,constant
32,4.38102e-05,Dr_0_0_l_0,2,5,1e-07,0,constant
33,0.0099999,Hl_0_0,2,5,1e-07,0,constant
34,0.0099999,Hr_0_0,2,5,1e-07,0,constant
35,0.000121902,pi2_0_0_0_0,2,5,1e-07,0,constant
36,5.48723e-05,DD_0_0,2,10,1e-07,0,constant
37,4.38102e-05,Dr_0_0_l_0,2,10,1e-07,0,constant
38,0.0099999,Hl_0_0,2,10,1e-07,0,constant
39,0.0099999,Hr_0_0,2,10,1e-07,0,constant
40,0.000121902,pi2_0_0_0_0,2,10,1e-07,0,constant
41,5.48723e-05,DD_0_0,2,20,1e-07,0,constant
42,4.38102e-05,Dr_0_0_l_0,2,20,1e-07,0,constant
43,0.0099999,Hl_0_0,2,20,1e-07,0,constant
44,0.0099999,Hr_0_0,2,20,1e-07,0,constant
45,0.000121902,pi2_0_0_0_0,2,20,1e-07,0,constant
46,5.48723e-05,DD_0_0,2,100,1e-07,0,constant
47,4.38102e-05,Dr_0_0_l_0,2,100,1e-07,0,constant
48,0.0099999,Hl_0_0,2,100,1e-07,0,constant
49,0.0099999,Hr_0_0,2,100,1e-07,0,constant
50,0.000121902,pi2_0_0_0_0,2,100,1e-07,0,constant
51,4.94182e-05,DD_0_0,3,2,1e-06,0,constant
52,3.87593e-05,Dr_0_0_l_0,3,2,1e-06,0,constant
53,0.0099999,Hl_0_0,3,2,1e-06,0,constant
54,0.0099999,Hr_0_0,3,2,1e-06,0,constant
55,0.000119377,pi2_0_0_0_0,3,2,1e-06,0,constant
56,4.94182e-05,DD_0_0,3,5,1e-06,0,constant
57,3.87593e-05,Dr_0_0_l_0,3,5,1e-06,0,constant
58,0.0099999,Hl_0_0,3,5,1e-06,0,constant
59,0.0099999,Hr_0_0,3,5,1e-06,0,constant
60,0.000119377,pi2_0_0_0_0,3,5,1e-06,0,constant
61,4.94182e-05,DD_0_0,3,10,1e-06,0,constant
62,3.87593e-05,Dr_0_0_l_0,3,10,1e-06,0,constant
63,0.0099999,Hl_0_0,3,10,1e-06,0,constant
64,0.0099999,Hr_0_0,3,10,1e-06,0,constant
65,0.000119377,pi2_0_0_0_0,3,10,1e-06,0,constant
66,4.94182e-05,DD_0_0,3,20,1e-06,0,constant
67,3.87593e-05,Dr_0_0_l_0,3,20,1e-06,0,constant
68,0.0099999,Hl_0_0,3,20,1e-06,0,constant
69,0.0099999,Hr_0_0,3,20,1e-06,0,constant
70,0.000119377,pi2_0_0_0_0,3,20,1e-06,0,constant
71,4.94182e-05,DD_0_0,3,100,1e-06,0,constant
72,3.87593e-05,Dr_0_0_l_0,3,100,1e-06,0,constant
73,0.0099999,Hl_0_0,3,100,1e-06,0,constant
74,0.0099999,Hr_0_0,3,100,1e-06,0,constant
75,0.000119377,pi2_0_0_0_0,3,100,1e-06,0,constant
76,2.5e-05,DD_0_0,4,2,1e-05,0,constant
77,1.66665e-05,Dr_0_0_l_0,4,2,1e-05,0,constant
78,0.0099999,Hl_0_0,4,2,1e-05,0,constant
79,0.0099999,Hr_0_0,4,2,1e-05,0,constant
80,0.00010833,pi2_0_0_0_0,4,2,1e-05,0,constant
81,2.5e-05,DD_0_0,4,5,1e-05,0,constant
82,1.66665e-05,Dr_0_0_l_0,4,5,1e-05,0,constant
83,0.0099999,Hl_0_0,4,5,1e-05,0,constant
84,0.0099999,Hr_0_0,4,5,1e-05,0,constant
85,0.00010833,pi2_0_0_0_0,4,5,1e-05,0,constant
86,2.5e-05,DD_0_0,4,10,1e-05,0,constant
87,1.66665e-05,Dr_0_0_l_0,4,10,1e-05,0,constant
88,0.0099999,Hl_0_0,4,10,1e-05,0,constant
89,0.0099999,Hr_0_0,4,10,1e-05,0,constant
90,0.00010833,pi2_0_0_0_0,4,10,1e-05,0,constant
91,2.5e-05,DD_0_0,4,20,1e-05,0,constant
92,1.66665e-05,Dr_0_0_l_0,4,20,1e-05,0,constant
93,0.0099999,Hl_0_0,4,20,1e-05,0,constant
94,0.0099999,Hr_0_0,4,20,1e-05,0,constant
95,0.00010833,pi2_0_0_0_0,4,20,1e-05,0,constant
96,2.5e-05,DD_0_0,4,100,1e-05,0,constant
97,1.66665e-05,Dr_0_0_l_0,4,100,1e-05,0,constant
98,0.0099999,Hl_0_0,4,100,1e-05,0,constant
99,0.0099999,Hr_0_0,4,100,1e-05,0,constant
100,0.00010833,pi2_0_0_0_0,4,100,1e-05,0,constant
101,4.42483e-06,DD_0_0,5,2,1e-04,0,constant
102,1.17976e-06,Dr_0_0_l_0,5,2,1e-04,0,constant
103,0.0099999,Hl_0_0,5,2,1e-04,0,constant
104,0.0099999,Hr_0_0,5,2,1e-04,0,constant
105,0.000100587,pi2_0_0_0_0,5,2,1e-04,0,constant
106,4.42483e-06,DD_0_0,5,5,1e-04,0,constant
107,1.17976e-06,Dr_0_0_l_0,5,5,1e-04,0,constant
108,0.0099999,Hl_0_0,5,5,1e-04,0,constant
109,0.0099999,Hr_0_0,5,5,1e-04,0,constant
110,0.000100587,pi2_0_0_0_0,5,5,1e-04,0,constant
111,4.42483e-06,DD_0_0,5,10,1e-04,0,constant
112,1.17976e-06,Dr_0_0_l_0,5,10,1e-04,0,constant
113,0.0099999,Hl_0_0,5,10,1e-04,0,constant
114,0.0099999,Hr_0_0,5,10,1e-04,0,constant
115,0.000100587,pi2_0_0_0_0,5,10,1e-04,0,constant
116,4.42483e-06,DD_0_0,5,20,1e-04,0,constant
117,1.17976e-06,Dr_0_0_l_0,5,20,1e-04,0,constant
118,0.0099999,Hl_0_0,5,20,1e-04,0,constant
119,0.0099999,Hr_0_0,5,20,1e-04,0,constant
120,0.000100587,pi2_0_0_0_0,5,20,1e-04,0,constant
121,4.42483e-06,DD_0_0,5,100,1e-04,0,constant
122,1.17976e-06,Dr_0_0_l_0,5,100,1e-04,0,constant
123,0.0099999,Hl_0_0,5,100,1e-04,0,constant
124,0.0099999,Hr_0_0,5,100,1e-04,0,constant
125,0.000100587,pi2_0_0_0_0,5,100,1e-04,0,constant
126,4.92759e-07,DD_0_0,6,2,0.001,0,constant
127,1.87351e-08,Dr_0_0_l_0,6,2,0.001,0,constant
128,0.0099999,Hl_0_0,6,2,0.001,0,constant
129,0.0099999,Hr_0_0,6,2,0.001,0,constant
130,0.000100006,pi2_0_0_0_0,6,2,0.001,0,constant
131,4.92759e-07,DD_0_0,6,5,0.001,0,constant
132,1.87351e-08,Dr_0_0_l_0,6,5,0.001,0,constant
133,0.0099999,Hl_0_0,6,5,0.001,0,constant
134,0.0099999,Hr_0_0,6,5,0.001,0,constant
135,0.000100006,pi2_0_0_0_0,6,5,0.001,0,constant
136,4.92759e-07,DD_0_0,6,10,0.001,0,constant
137,1.87351e-08,Dr_0_0_l_0,6,10,0.001,0,constant
138,0.0099999,Hl_0_0,6,10,0.001,0,constant
139,0.0099999,Hr_0_0,6,10,0.001,0,constant
140,0.000100006,pi2_0_0_0_0,6,10,0.001,0,constant
141,4.92759e-07,DD_0_0,6,20,0.001,0,constant
142,1.87351e-08,Dr_0_0_l_0,6,20,0.001,0,constant
143,0.0099999,Hl_0_0,6,20,0.001,0,constant
144,0.0099999,Hr_0_0,6,20,0.001,0,constant
145,0.000100006,pi2_0_0_0_0,6,20,0.001,0,constant
146,4.92759e-07,DD_0_0,6,100,0.001,0,constant
147,1.87353e-08,Dr_0_0_l_0,6,100,0.001,0,constant
148,0.0099999,Hl_0_0,6,100,0.001,0,constant
149,0.0099999,Hr_0_0,6,100,0.001,0,constant
150,0.000100006,pi2_0_0_0_0,6,100,0.001,0,constant
151,5.29705e-05,DD_0_0,7,2,1e-08,-0.1,constant
152,4.24273e-05,Dr_0_0_l_0,7,2,1e-08,-0.1,constant
153,0.0096666,Hl_0_0,7,2,1e-08,-0.1,constant
154,0.00999969,Hr_0_0,7,2,1e-08,-0.1,constant
155,0.000117819,pi2_0_0_0_0,7,2,1e-08,-0.1,constant
156,5.29866e-05,DD_0_0,7,5,1e-08,-0.1,constant
157,4.24469e-05,Dr_0_0_l_0,7,5,1e-08,-0.1,constant
158,0.0096668,Hl_0_0,7,5,1e-08,-0.1,constant
159,0.00999969,Hr_0_0,7,5,1e-08,-0.1,constant
160,0.000117833,pi2_0_0_0_0,7,5,1e-08,-0.1,constant
161,5.29866e-05,DD_0_0,7,10,1e-08,-0.1,constant
162,4.24469e-05,Dr_0_0_l_0,7,10,1e-08,-0.1,constant
163,0.0096668,Hl_0_0,7,10,1e-08,-0.1,constant
164,0.00999969,Hr_0_0,7,10,1e-08,-0.1,constant
165,0.000117833,pi2_0_0_0_0,7,10,1e-08,-0.1,constant
166,5.29866e-05,DD_0_0,7,20,1e-08,-0.1,constant
167,4.24469e-05,Dr_0_0_l_0,7,20,1e-08,-0.1,constant
168,0.0096668,Hl_0_0,7,20,1e-08,-0.1,constant
169,0.00999969,Hr_0_0,7,20,1e-08,-0.1,constant
170,0.000117833,pi2_0_0_0_0,7,20,1e-08,-0.1,constant
171,5.29866e-05,DD_0_0,7,100,1e-08,-0.1,constant
172,4.24469e-05,Dr_0_0_l_0,7,100,1e-08,-0.1,constant
173,0.0096668,Hl_0_0,7,100,1e-08,-0.1,constant
174,0.00999969,Hr_0_0,7,100,1e-08,-0.1,constant
175,0.000117833,pi2_0_0_0_0,7,100,1e-08,-0.1,constant
176,5.23875e-05,DD_0_0,8,2,1e-07,-0.1,constant
177,4.18857e-05,Dr_0_0_l_0,8,2,1e-07,-0.1,constant
178,0.0096666,Hl_0_0,8,2,1e-07,-0.1,constant
179,0.00999969,Hr_0_0,8,2,1e-07,-0.1,constant
180,0.000117548,pi2_0_0_0_0,8,2,1e-07,-0.1,constant
181,5.24033e-05,DD_0_0,8,5,1e-07,-0.1,constant
182,4.19048e-05,Dr_0_0_l_0,8,5,1e-07,-0.1,constant
183,0.0096668,Hl_0_0,8,5,1e-07,-0.1,constant
184,0.00999969,Hr_0_0,8,5,1e-07,-0.1,constant
185,0.000117562,pi2_0_0_0_0,8,5,1e-07,-0.1,constant
186,5.24033e-05,DD_0_0,8,10,1e-07,-0.1,constant
187,4.19048e-05,Dr_0_0_l_0,8,10,1e-07,-0.1,constant
188,0.0096668,Hl_0_0,8,10,1e-07,-0.1,constant
189,0.00999969,Hr_0_0,8,10,1e-07,-0.1,constant
190,0.000117562,pi2_0_0_0_0,8,10,1e-07,-0.1,constant
191,5.24033e-05,DD_0_0,8,20,1e-07,-0.1,constant
192,4.19048e-05,Dr_0_0_l_0,8,20,1e-07,-0.1,constant
193,0.0096668,Hl_0_0,8,20,1e-07,-0.1,constant
194,0.00999969,Hr_0_0,8,20,1e-07,-0.1,constant
195,0.000117562,pi2_0_0_0_0,8,20,1e-07,-0.1,constant
196,5.24033e-05,DD_0_0,8,100,1e-07,-0.1,constant
197,4.19048e-05,Dr_0_0_l_0,8,100,1e-07,-0.1,constant
198,0.0096668,Hl_0_0,8,100,1e-07,-0.1,constant
199,0.00999969,Hr_0_0,8,100,1e-07,-0.1,constant
200,0.000117562,pi2_0_0_0_0,8,100,1e-07,-0.1,constant
201,4.72051e-05,DD_0_0,9,2,1e-06,-0.1,constant
202,3.70818e-05,Dr_0_0_l_0,9,2,1e-06,-0.1,constant
203,0.0096666,Hl_0_0,9,2,1e-06,-0.1,constant
204,0.00999972,Hr_0_0,9,2,1e-06,-0.1,constant
205,0.000115151,pi2_0_0_0_0,9,2,1e-06,-0.1,constant
206,4.72173e-05,DD_0_0,9,5,1e-06,-0.1,constant
207,3.7097e-05,Dr_0_0_l_0,9,5,1e-06,-0.1,constant
208,0.0096668,Hl_0_0,9,5,1e-06,-0.1,constant
209,0.00999972,Hr_0_0,9,5,1e-06,-0.1,constant
210,0.000115162,pi2_0_0_0_0,9,5,1e-06,-0.1,constant
211,4.72173e-05,DD_0_0,9,10,1e-06,-0.1,constant
212,3.7097e-05,Dr_0_0_l_0,9,10,1e-06,-0.1,constant
213,0.0096668,Hl_0_0,9,10,1e-06,-0.1,constant
214,0.00999972,Hr_0_0,9,10,1e-06,-0.1,constant
215,0.000115162,pi2_0_0_0_0,9,10,1e-06,-0.1,constant
216,4.72173e-05,DD_0_0,9,20,1e-06,-0.1,constant
217,3.7097e-05,Dr_0_0_l_0,9,20,1e-06,-0.1,constant
218,0.0096668,Hl_0_0,9,20,1e-06,-0.1,constant
219,0.00999972,Hr_0_0,9,20,1e-06,-0.1,constant
220,0.000115162,pi2_0_0_0_0,9,20,1e-06,-0.1,constant
221,4.72173e-05,DD_0_0,9,100,1e-06,-0.1,constant
222,3.7097e-05,Dr_0_0_l_0,9,100,1e-06,-0.1,constant
223,0.0096668,Hl_0_0,9,100,1e-06,-0.1,constant
224,0.00999972,Hr_0_0,9,100,1e-06,-0.1,constant
225,0.000115162,pi2_0_0_0_0,9,100,1e-06,-0.1,constant
226,2.39604e-05,DD_0_0,10,2,1e-05,-0.1,constant
227,1.60214e-05,Dr_0_0_l_0,10,2,1e-05,-0.1,constant
228,0.0096666,Hl_0_0,10,2,1e-05,-0.1,constant
229,0.00999982,Hr_0_0,10,2,1e-05,-0.1,constant
230,0.000104643,pi2_0_0_0_0,10,2,1e-05,-0.1,constant
231,2.39628e-05,DD_0_0,10,5,1e-05,-0.1,constant
232,1.60247e-05,Dr_0_0_l_0,10,5,1e-05,-0.1,constant
233,0.0096668,Hl_0_0,10,5,1e-05,-0.1,constant
234,0.00999982,Hr_0_0,10,5,1e-05,-0.1,constant
235,0.000104648,pi2_0_0_0_0,10,5,1e-05,-0.1,constant
236,2.39628e-05,DD_0_0,10,10,1e-05,-0.1,constant
237,1.60247e-05,Dr_0_0_l_0,10,10,1e-05,-0.1,constant
238,0.0096668,Hl_0_0,10,10,1e-05,-0.1,constant
239,0.00999982,Hr_0_0,10,10,1e-05,-0.1,constant
240,0.000104648,pi2_0_0_0_0,10,10,1e-05,-0.1,constant
241,2.39628e-05,DD_0_0,10,20,1e-05,-0.1,constant
242,1.60247e-05,Dr_0_0_l_0,10,20,1e-05,-0.1,constant
243,0.0096668,Hl_0_0,10,20,1e-05,-0.1,constant
244,0.00999982,Hr_0_0,10,20,1e-05,-0.1,constant
245,0.000104648,pi2_0_0_0_0,10,20,1e-05,-0.1,constant
246,2.39628e-05,DD_0_0,10,100,1e-05,-0.1,constant
247,1.60247e-05,Dr_0_0_l_0,10,100,1e-05,-0.1,constant
248,0.0096668,Hl_0_0,10,100,1e-05,-0.1,constant
249,0.00999982,Hr_0_0,10,100,1e-05,-0.1,constant
250,0.000104648,pi2_0_0_0_0,10,100,1e-05,-0.1,constant
251,4.26676e-06,DD_0_0,11,2,1e-04,-0.1,constant
252,1.14884e-06,Dr_0_0_l_0,11,2,1e-04,-0.1,constant
253,0.0096666,Hl_0_0,11,2,1e-04,-0.1,constant
254,0.00999989,Hr_0_0,11,2,1e-04,-0.1,constant
255,9.72344e-05,pi2_0_0_0_0,11,2,1e-04,-0.1,constant
256,4.26687e-06,DD_0_0,11,5,1e-04,-0.1,constant
257,1.14889e-06,Dr_0_0_l_0,11,5,1e-04,-0.1,constant
258,0.0096668,Hl_0_0,11,5,1e-04,-0.1,constant
259,0.00999989,Hr_0_0,11,5,1e-04,-0.1,constant
260,9.72365e-05,pi2_0_0_0_0,11,5,1e-04,-0.1,constant
261,4.26687e-06,DD_0_0,11,10,1e-04,-0.1,constant
262,1.14889e-06,Dr_0_0_l_0,11,10,1e-04,-0.1,constant
263,0.0096668,Hl_0_0,11,10,1e-04,-0.1,constant
264,0.00999989,Hr_0_0,11,10,1e-04,-0.1,constant
265,9.72365e-05,pi2_0_0_0_0,11,10,1e-04,-0.1,constant
266,4.26687e-06,DD_0_0,11,20,1e-04,-0.1,constant
267,1.14889e-06,Dr_0_0_l_0,11,20,1e-04,-0.1,constant
268,0.0096668,Hl_0_0,11,20,1e-04,-0.1,constant
269,0.00999989,Hr_0_0,11,20,1e-04,-0.1,constant
270,9.72365e-05,pi2_0_0_0_0,11,20,1e-04,-0.1,constant
271,4.26687e-06,DD_0_0,11,100,1e-04,-0.1,constant
272,1.14889e-06,Dr_0_0_l_0,11,100,1e-04,-0.1,constant
273,0.0096668,Hl_0_0,11,100,1e-04,-0.1,constant
274,0.00999989,Hr_0_0,11,100,1e-04,-0.1,constant
275,9.72365e-05,pi2_0_0_0_0,11,100,1e-04,-0.1,constant
276,4.76178e-07,DD_0_0,12,2,0.001,-0.1,constant
277,1.83941e-08,Dr_0_0_l_0,12,2,0.001,-0.1,constant
278,0.0096666,Hl_0_0,12,2,0.001,-0.1,constant
279,0.0099999,Hr_0_0,12,2,0.001,-0.1,constant
280,9.66732e-05,pi2_0_0_0_0,12,2,0.001,-0.1,constant
281,4.76188e-07,DD_0_0,12,5,0.001,-0.1,constant
282,1.83944e-08,Dr_0_0_l_0,12,5,0.001,-0.1,constant
283,0.0096668,Hl_0_0,12,5,0.001,-0.1,constant
284,0.0099999,Hr_0_0,12,5,0.001,-0.1,constant
285,9.66752e-05,pi2_0_0_0_0,12,5,0.001,-0.1,constant
286,4.76188e-07,DD_0_0,12,10,0.001,-0.1,constant
287,1.83944e-08,Dr_0_0_l_0,12,10,0.001,-0.1,constant
288,0.0096668,Hl_0_0,12,10,0.001,-0.1,constant
289,0.0099999,Hr_0_0,12,10,0.001,-0.1,constant
290,9.66752e-05,pi2_0_0_0_0,12,10,0.001,-0.1,constant
291,4.76188e-07,DD_0_0,12,20,0.001,-0.1,constant
292,1.83944e-08,Dr_0_0_l_0,12,20,0.001,-0.1,constant
293,0.0096668,Hl_0_0,12,20,0.001,-0.1,constant
294,0.0099999,Hr_0_0,12,20,0.001,-0.1,constant
295,9.66752e-05,pi2_0_0_0_0,12,20,0.001,-0.1,constant
296,4.76188e-07,DD_0_0,12,100,0.001,-0.1,constant
297,1.83947e-08,Dr_0_0_l_0,12,100,0.001,-0.1,constant
298,0.0096668,Hl_0_0,12,100,0.001,-0.1,constant
299,0.0099999,Hr_0_0,12,100,0.001,-0.1,constant
300,9.66752e-05,pi2_0_0_0_0,12,100,0.001,-0.1,constant
301,2.99072e-05,DD_0_0,13,2,1e-08,-1,constant
302,2.46819e-05,Dr_0_0_l_0,13,2,1e-08,-1,constant
303,0.00678571,Hl_0_0,13,2,1e-08,-1,constant
304,0.00998819,Hr_0_0,13,2,1e-08,-1,constant
305,7.8735e-05,pi2_0_0_0_0,13,2,1e-08,-1,constant
306,3.12383e-05,DD_0_0,13,5,1e-08,-1,constant
307,2.59029e-05,Dr_0_0_l_0,13,5,1e-08,-1,constant
308,0.00686975,Hl_0_0,13,5,1e-08,-1,constant
309,0.00998771,Hr_0_0,13,5,1e-08,-1,constant
310,8.02421e-05,pi2_0_0_0_0,13,5,1e-08,-1,constant
311,3.12421e-05,DD_0_0,13,10,1e-08,-1,constant
312,2.59066e-05,Dr_0_0_l_0,13,10,1e-08,-1,constant
313,0.00686964,Hl_0_0,13,10,1e-08,-1,constant
314,0.00998771,Hr_0_0,13,10,1e-08,-1,constant
315,8.02443e-05,pi2_0_0_0_0,13,10,1e-08,-1,constant
316,3.12421e-05,DD_0_0,13,20,1e-08,-1,constant
317,2.59066e-05,Dr_0_0_l_0,13,20,1e-08,-1,constant
318,0.00686964,Hl_0_0,13,20,1e-08,-1,constant
319,0.00998771,Hr_0_0,13,20,1e-08,-1,constant
320,8.02443e-05,pi2_0_0_0_0,13,20,1e-08,-1,constant
321,3.12421e-05,DD_0_0,13,100,1e-08,-1,constant
322,2.59066e-05,Dr_0_0_l_0,13,100,1e-08,-1,constant
323,0.00686964,Hl_0_0,13,100,1e-08,-1,constant
324,0.00998771,Hr_0_0,13,100,1e-08,-1,constant
325,8.02443e-05,pi2_0_0_0_0,13,100,1e-08,-1,constant
326,2.96262e-05,DD_0_0,14,2,1e-07,-1,constant
327,2.44108e-05,Dr_0_0_l_0,14,2,1e-07,-1,constant
328,0.00678571,Hl_0_0,14,2,1e-07,-1,constant
329,0.00998833,Hr_0_0,14,2,1e-07,-1,constant
330,7.86146e-05,pi2_0_0_0_0,14,2,1e-07,-1,constant
331,3.09332e-05,DD_0_0,14,5,1e-07,-1,constant
332,2.56082e-05,Dr_0_0_l_0,14,5,1e-07,-1,constant
333,0.00686975,Hl_0_0,14,5,1e-07,-1,constant
334,0.00998785,Hr_0_0,14,5,1e-07,-1,constant
335,8.01096e-05,pi2_0_0_0_0,14,5,1e-07,-1,constant
336,3.09368e-05,DD_0_0,14,10,1e-07,-1,constant
337,2.56119e-05,Dr_0_0_l_0,14,10,1e-07,-1,constant
338,0.00686964,Hl_0_0,14,10,1e-07,-1,constant
339,0.00998785,Hr_0_0,14,10,1e-07,-1,constant
340,8.01117e-05,pi2_0_0_0_0,14,10,1e-07,-1,constant
341,3.09368e-05,DD_0_0,14,20,1e-07,-1,constant
342,2.56119e-05,Dr_0_0_l_0,14,20,1e-07,-1,constant
343,0.00686964,Hl_0_0,14,20,1e-07,-1,constant
344,0.00998785,Hr_0_0,14,20,1e-07,-1,constant
345,8.01117e-05,pi2_0_0_0_0,14,20,1e-07,-1,constant
346,3.09368e-05,DD_0_0,14,100,1e-07,-1,constant
347,2.56118e-05,Dr_0_0_l_0,14,100,1e-07,-1,constant
348,0.00686964,Hl_0_0,14,100,1e-07,-1,constant
349,0.00998785,Hr_0_0,14,100,1e-07,-1,constant
350,8.01117e-05,pi2_0_0_0_0,14,100,1e-07,-1,constant
351,2.70917e-05,DD_0_0,15,2,1e-06,-1,constant
352,2.19712e-05,Dr_0_0_l_0,15,2,1e-06,-1,constant
353,0.00678571,Hl_0_0,15,2,1e-06,-1,constant
354,0.00998951,Hr_0_0,15,2,1e-06,-1,constant
355,7.75309e-05,pi2_0_0_0_0,15,2,1e-06,-1,constant
356,2.81923e-05,DD_0_0,15,5,1e-06,-1,constant
357,2.29672e-05,Dr_0_0_l_0,15,5,1e-06,-1,constant
358,0.00686975,Hl_0_0,15,5,1e-06,-1,constant
359,0.00998912,Hr_0_0,15,5,1e-06,-1,constant
360,7.89221e-05,pi2_0_0_0_0,15,5,1e-06,-1,constant
361,2.81949e-05,DD_0_0,15,10,1e-06,-1,constant
362,2.29698e-05,Dr_0_0_l_0,15,10,1e-06,-1,constant
363,0.00686964,Hl_0_0,15,10,1e-06,-1,constant
364,0.00998912,Hr_0_0,15,10,1e-06,-1,constant
365,7.89235e-05,pi2_0_0_0_0,15,10,1e-06,-1,constant
366,2.81949e-05,DD_0_0,15,20,1e-06,-1,constant
367,2.29698e-05,Dr_0_0_l_0,15,20,1e-06,-1,constant
368,0.00686964,Hl_0_0,15,20,1e-06,-1,constant
369,0.00998912,Hr_0_0,15,20,1e-06,-1,constant
370,7.89235e-05,pi2_0_0_0_0,15,20,1e-06,-1,constant
371,2.81949e-05,DD_0_0,15,100,1e-06,-1,constant
372,2.29698e-05,Dr_0_0_l_0,15,100,1e-06,-1,constant
373,0.00686964,Hl_0_0,15,100,1e-06,-1,constant
374,0.00998912,Hr_0_0,15,100,1e-06,-1,constant
375,7.89235e-05,pi2_0_0_0_0,15,100,1e-06,-1,constant
376,1.48335e-05,DD_0_0,16,2,1e-05,-1,constant
377,1.04027e-05,Dr_0_0_l_0,16,2,1e-05,-1,constant
378,0.00678571,Hl_0_0,16,2,1e-05,-1,constant
379,0.00999508,Hr_0_0,16,2,1e-05,-1,constant
380,7.24065e-05,pi2_0_0_0_0,16,2,1e-05,-1,constant
381,1.5208e-05,DD_0_0,16,5,1e-05,-1,constant
382,1.06967e-05,Dr_0_0_l_0,16,5,1e-05,-1,constant
383,0.00686975,Hl_0_0,16,5,1e-05,-1,constant
384,0.00999497,Hr_0_0,16,5,1e-05,-1,constant
385,7.34235e-05,pi2_0_0_0_0,16,5,1e-05,-1,constant
386,1.5208e-05,DD_0_0,16,10,1e-05,-1,constant
387,1.06969e-05,Dr_0_0_l_0,16,10,1e-05,-1,constant
388,0.00686964,Hl_0_0,16,10,1e-05,-1,constant
389,0.00999497,Hr_0_0,16,10,1e-05,-1,constant
390,7.34229e-05,pi2_0_0_0_0,16,10,1e-05,-1,constant
391,1.5208e-05,DD_0_0,16,20,1e-05,-1,constant
392,1.06969e-05,Dr_0_0_l_0,16,20,1e-05,-1,constant
393,0.00686964,Hl_0_0,16,20,1e-05,-1,constant
394,0.00999497,Hr_0_0,16,20,1e-05,-1,constant
395,7.34229e-05,pi2_0_0_0_0,16,20,1e-05,-1,constant
396,1.5208e-05,DD_0_0,16,100,1e-05,-1,constant
397,1.06969e-05,Dr_0_0_l_0,16,100,1e-05,-1,constant
398,0.00686964,Hl_0_0,16,100,1e-05,-1,constant
399,0.00999497,Hr_0_0,16,100,1e-05,-1,constant
400,7.34229e-05,pi2_0_0_0_0,16,100,1e-05,-1,constant
401,2.90097e-06,DD_0_0,17,2,1e-04,-1,constant
402,8.79526e-07,Dr_0_0_l_0,17,2,1e-04,-1,constant
403,0.00678571,Hl_0_0,17,2,1e-04,-1,constant
404,0.00999952,Hr_0_0,17,2,1e-04,-1,constant
405,6.82331e-05,pi2_0_0_0_0,17,2,1e-04,-1,constant
406,2.94188e-06,DD_0_0,17,5,1e-04,-1,constant
407,8.89867e-07,Dr_0_0_l_0,17,5,1e-04,-1,constant
408,0.00686975,Hl_0_0,17,5,1e-04,-1,constant
409,0.00999952,Hr_0_0,17,5,1e-04,-1,constant
410,6.9082e-05,pi2_0_0_0_0,17,5,1e-04,-1,constant
411,2.94183e-06,DD_0_0,17,10,1e-04,-1,constant
412,8.89859e-07,Dr_0_0_l_0,17,10,1e-04,-1,constant
413,0.00686964,Hl_0_0,17,10,1e-04,-1,constant
414,0.00999952,Hr_0_0,17,10,1e-04,-1,constant
415,6.90809e-05,pi2_0_0_0_0,17,10,1e-04,-1,constant
416,2.94183e-06,DD_0_0,17,20,1e-04,-1,constant
417,8.89859e-07,Dr_0_0_l_0,17,20,1e-04,-1,constant
418,0.00686964,Hl_0_0,17,20,1e-04,-1,constant
419,0.00999952,Hr_0_0,17,20,1e-04,-1,constant
420,6.90809e-05,pi2_0_0_0_0,17,20,1e-04,-1,constant
421,2.94183e-06,DD_0_0,17,100,1e-04,-1,constant
422,8.8986e-07,Dr_0_0_l_0,17,100,1e-04,-1,constant
423,0.00686964,Hl_0_0,17,100,1e-04,-1,constant
424,0.00999952,Hr_0_0,17,100,1e-04,-1,constant
425,6.90809e-05,pi2_0_0_0_0,17,100,1e-04,-1,constant
426,3.32868e-07,DD_0_0,18,2,0.001,-1,constant
427,1.54273e-08,Dr_0_0_l_0,18,2,0.001,-1,constant
428,0.00678571,Hl_0_0,18,2,0.001,-1,constant
429,0.00999989,Hr_0_0,18,2,0.001,-1,constant
430,6.78624e-05,pi2_0_0_0_0,18,2,0.001,-1,constant
431,3.3705e-07,DD_0_0,18,5,0.001,-1,constant
432,1.5519e-08,Dr_0_0_l_0,18,5,0.001,-1,constant
433,0.00686975,Hl_0_0,18,5,0.001,-1,constant
434,0.00999989,Hr_0_0,18,5,0.001,-1,constant
435,6.87028e-05,pi2_0_0_0_0,18,5,0.001,-1,constant
436,3.37045e-07,DD_0_0,18,10,0.001,-1,constant
437,1.55189e-08,Dr_0_0_l_0,18,10,0.001,-1,constant
438,0.00686964,Hl_0_0,18,10,0.001,-1,constant
439,0.00999989,Hr_0_0,18,10,0.001,-1,constant
440,6.87017e-05,pi2_0_0_0_0,18,10,0.001,-1,constant
441,3.37045e-07,DD_0_0,18,20,0.001,-1,constant
442,1.55189e-08,Dr_0_0_l_0,18,20,0.001,-1,constant
443,0.00686964,Hl_0_0,18,20,0.001,-1,constant
444,0.00999989,Hr_0_0,18,20,0.001,-1,constant
445,6.87017e-05,pi2_0_0_0_0,18,20,0.001,-1,constant
446,3.37045e-07,DD_0_0,18,100,0.001,-1,constant
447,1.5519e-08,Dr_0_0_l_0,18,100,0.001,-1,constant
448,0.00686964,Hl_0_0,18,100,0.001,-1,constant
449,0.00999989,Hr_0_0,18,100,0.001,-1,constant
450,6.87017e-05,pi2_0_0_0_0,18,100,0.001,-1,constant
451,1.4078e-07,DD_0_0,19,2,1e-08,-10,constant
452,2.72453e-07,Dr_0_0_l_0,19,2,1e-08,-10,constant
453,0.000856304,Hl_0_0,19,2,1e-08,-10,constant
454,0.0099996,Hr_0_0,19,2,1e-08,-10,constant
455,8.64298e-06,pi2_0_0_0_0,19,2,1e-08,-10,constant
456,1.02977e-06,DD_0_0,19,5,1e-08,-10,constant
457,1.37587e-06,Dr_0_0_l_0,19,5,1e-08,-10,constant
458,0.00112258,Hl_0_0,19,5,1e-08,-10,constant
459,0.00997712,Hr_0_0,19,5,1e-08,-10,constant
460,1.09718e-05,pi2_0_0_0_0,19,5,1e-08,-10,constant
461,4.11959e-07,DD_0_0,19,10,1e-08,-10,constant
462,6.79242e-07,Dr_0_0_l_0,19,10,1e-08,-10,constant
463,0.000963273,Hl_0_0,19,10,1e-08,-10,constant
464,0.00999508,Hr_0_0,19,10,1e-08,-10,constant
465,9.75957e-06,pi2_0_0_0_0,19,10,1e-08,-10,constant
466,5.72437e-07,DD_0_0,19,20,1e-08,-10,constant
467,8.63064e-07,Dr_0_0_l_0,19,20,1e-08,-10,constant
468,0.000999876,Hl_0_0,19,20,1e-08,-10,constant
469,0.00999051,Hr_0_0,19,20,1e-08,-10,constant
470,1.00403e-05,pi2_0_0_0_0,19,20,1e-08,-10,constant
471,5.7302e-07,DD_0_0,19,100,1e-08,-10,constant
472,8.63745e-07,Dr_0_0_l_0,19,100,1e-08,-10,constant
473,0.001,Hl_0_0,19,100,1e-08,-10,constant
474,0.00999049,Hr_0_0,19,100,1e-08,-10,constant
475,1.00413e-05,pi2_0_0_0_0,19,100,1e-08,-10,constant
476,1.41293e-07,DD_0_0,20,2,1e-07,-10,constant
477,2.73092e-07,Dr_0_0_l_0,20,2,1e-07,-10,constant
478,0.000856304,Hl_0_0,20,2,1e-07,-10,constant
479,0.00999958,Hr_0_0,20,2,1e-07,-10,constant
480,8.64295e-06,pi2_0_0_0_0,20,2,1e-07,-10,constant
481,1.02745e-06,DD_0_0,20,5,1e-07,-10,constant
482,1.37152e-06,Dr_0_0_l_0,20,5,1e-07,-10,constant
483,0.00112258,Hl_0_0,20,5,1e-07,-10,constant
484,0.0099772,Hr_0_0,20,5,1e-07,-10,constant
485,1.09728e-05,pi2_0_0_0_0,20,5,1e-07,-10,constant
486,4.11945e-07,DD_0_0,20,10,1e-07,-10,constant
487,6.78691e-07,Dr_0_0_l_0,20,10,1e-07,-10,constant
488,0.000963273,Hl_0_0,20,10,1e-07,-10,constant
489,0.00999508,Hr_0_0,20,10,1e-07,-10,constant
490,9.75922e-06,pi2_0_0_0_0,20,10,1e-07,-10,constant
491,5.71773e-07,DD_0_0,20,20,1e-07,-10,constant
492,8.61443e-07,Dr_0_0_l_0,20,20,1e-07,-10,constant
493,0.000999876,Hl_0_0,20,20,1e-07,-10,constant
494,0.00999053,Hr_0_0,20,20,1e-07,-10,constant
495,1.00403e-05,pi2_0_0_0_0,20,20,1e-07,-10,constant
496,5.72357e-07,DD_0_0,20,100,1e-07,-10,constant
497,8.62125e-07,Dr_0_0_l_0,20,100,1e-07,-10,constant
498,0.001,Hl_0_0,20,100,1e-07,-10,constant
499,0.00999051,Hr_0_0,20,100,1e-07,-10,constant
500,1.00412e-05,pi2_0_0_0_0,20,100,1e-07,-10,constant
501,1.46286e-07,DD_0_0,21,2,1e-06,-10,constant
502,2.7918e-07,Dr_0_0_l_0,21,2,1e-06,-10,constant
503,0.000856304,Hl_0_0,21,2,1e-06,-10,constant
504,0.00999947,Hr_0_0,21,2,1e-06,-10,constant
505,8.6426e-06,pi2_0_0_0_0,21,2,1e-06,-10,constant
506,1.00484e-06,DD_0_0,21,5,1e-06,-10,constant
507,1.32926e-06,Dr_0_0_l_0,21,5,1e-06,-10,constant
508,0.00112258,Hl_0_0,21,5,1e-06,-10,constant
509,0.00997795,Hr_0_0,21,5,1e-06,-10,constant
510,1.0983e-05,pi2_0_0_0_0,21,5,1e-06,-10,constant
511,4.11689e-07,DD_0_0,21,10,1e-06,-10,constant
512,6.73041e-07,Dr_0_0_l_0,21,10,1e-06,-10,constant
513,0.000963273,Hl_0_0,21,10,1e-06,-10,constant
514,0.00999505,Hr_0_0,21,10,1e-06,-10,constant
515,9.75577e-06,pi2_0_0_0_0,21,10,1e-06,-10,constant
516,5.65158e-07,DD_0_0,21,20,1e-06,-10,constant
517,8.45424e-07,Dr_0_0_l_0,21,20,1e-06,-10,constant
518,0.000999876,Hl_0_0,21,20,1e-06,-10,constant
519,0.00999071,Hr_0_0,21,20,1e-06,-10,constant
520,1.00398e-05,pi2_0_0_0_0,21,20,1e-06,-10,constant
521,5.65702e-07,DD_0_0,21,100,1e-06,-10,constant
522,8.4605e-07,Dr_0_0_l_0,21,100,1e-06,-10,constant
523,0.001,Hl_0_0,21,100,1e-06,-10,constant
524,0.0099907,Hr_0_0,21,100,1e-06,-10,constant
525,1.00408e-05,pi2_0_0_0_0,21,100,1e-06,-10,constant
526,1.83658e-07,DD_0_0,22,2,1e-05,-10,constant
527,3.15811e-07,Dr_0_0_l_0,22,2,1e-05,-10,constant
528,0.000856304,Hl_0_0,22,2,1e-05,-10,constant
529,0.00999861,Hr_0_0,22,2,1e-05,-10,constant
530,8.63715e-06,pi2_0_0_0_0,22,2,1e-05,-10,constant
531,8.24638e-07,DD_0_0,22,5,1e-05,-10,constant
532,1.00354e-06,Dr_0_0_l_0,22,5,1e-05,-10,constant
533,0.00112258,Hl_0_0,22,5,1e-05,-10,constant
534,0.00998376,Hr_0_0,22,5,1e-05,-10,constant
535,1.10605e-05,pi2_0_0_0_0,22,5,1e-05,-10,constant
536,4.00738e-07,DD_0_0,22,10,1e-05,-10,constant
537,6.08664e-07,Dr_0_0_l_0,22,10,1e-05,-10,constant
538,0.000963273,Hl_0_0,22,10,1e-05,-10,constant
539,0.00999508,Hr_0_0,22,10,1e-05,-10,constant
540,9.72814e-06,pi2_0_0_0_0,22,10,1e-05,-10,constant
541,5.07025e-07,DD_0_0,22,20,1e-05,-10,constant
542,7.08506e-07,Dr_0_0_l_0,22,20,1e-05,-10,constant
543,0.000999876,Hl_0_0,22,20,1e-05,-10,constant
544,0.00999226,Hr_0_0,22,20,1e-05,-10,constant
545,1.00355e-05,pi2_0_0_0_0,22,20,1e-05,-10,constant
546,5.07408e-07,DD_0_0,22,100,1e-05,-10,constant
547,7.08877e-07,Dr_0_0_l_0,22,100,1e-05,-10,constant
548,0.001,Hl_0_0,22,100,1e-05,-10,constant
549,0.00999225,Hr_0_0,22,100,1e-05,-10,constant
550,1.00365e-05,pi2_0_0_0_0,22,100,1e-05,-10,constant
551,1.8383e-07,DD_0_0,23,2,1e-04,-10,constant
552,1.8098e-07,Dr_0_0_l_0,23,2,1e-04,-10,constant
553,0.000856304,Hl_0_0,23,2,1e-04,-10,constant
554,0.00999846,Hr_0_0,23,2,1e-04,-10,constant
555,8.58957e-06,pi2_0_0_0_0,23,2,1e-04,-10,constant
556,3.18473e-07,DD_0_0,23,5,1e-04,-10,constant
557,2.34628e-07,Dr_0_0_l_0,23,5,1e-04,-10,constant
558,0.00112258,Hl_0_0,23,5,1e-04,-10,constant
559,0.00999681,Hr_0_0,23,5,1e-04,-10,constant
560,1.12154e-05,pi2_0_0_0_0,23,5,1e-04,-10,constant
561,2.38061e-07,DD_0_0,23,10,1e-04,-10,constant
562,2.16285e-07,Dr_0_0_l_0,23,10,1e-04,-10,constant
563,0.000963273,Hl_0_0,23,10,1e-04,-10,constant
564,0.0099979,Hr_0_0,23,10,1e-04,-10,constant
565,9.65584e-06,pi2_0_0_0_0,23,10,1e-04,-10,constant
566,2.56604e-07,DD_0_0,23,20,1e-04,-10,constant
567,2.20207e-07,Dr_0_0_l_0,23,20,1e-04,-10,constant
568,0.000999876,Hl_0_0,23,20,1e-04,-10,constant
569,0.00999765,Hr_0_0,23,20,1e-04,-10,constant
570,1.00145e-05,pi2_0_0_0_0,23,20,1e-04,-10,constant
571,2.56666e-07,DD_0_0,23,100,1e-04,-10,constant
572,2.20221e-07,Dr_0_0_l_0,23,100,1e-04,-10,constant
573,0.001,Hl_0_0,23,100,1e-04,-10,constant
574,0.00999765,Hr_0_0,23,100,1e-04,-10,constant
575,1.00157e-05,pi2_0_0_0_0,23,100,1e-04,-10,constant
576,3.81894e-08,DD_0_0,24,2,0.001,-10,constant
577,8.20481e-09,Dr_0_0_l_0,24,2,0.001,-10,constant
578,0.000856304,Hl_0_0,24,2,0.001,-10,constant
579,0.00999983,Hr_0_0,24,2,0.001,-10,constant
580,8.56396e-06,pi2_0_0_0_0,24,2,0.001,-10,constant
581,5.1457e-08,DD_0_0,24,5,0.001,-10,constant
582,8.60704e-09,Dr_0_0_l_0,24,5,0.001,-10,constant
583,0.00112258,Hl_0_0,24,5,0.001,-10,constant
584,0.00999981,Hr_0_0,24,5,0.001,-10,constant
585,1.12262e-05,pi2_0_0_0_0,24,5,0.001,-10,constant
586,4.35206e-08,DD_0_0,24,10,0.001,-10,constant
587,8.4689e-09,Dr_0_0_l_0,24,10,0.001,-10,constant
588,0.000963273,Hl_0_0,24,10,0.001,-10,constant
589,0.00999982,Hr_0_0,24,10,0.001,-10,constant
590,9.6335e-06,pi2_0_0_0_0,24,10,0.001,-10,constant
591,4.53442e-08,DD_0_0,24,20,0.001,-10,constant
592,8.50047e-09,Dr_0_0_l_0,24,20,0.001,-10,constant
593,0.000999876,Hl_0_0,24,20,0.001,-10,constant
594,0.00999982,Hr_0_0,24,20,0.001,-10,constant
595,9.99946e-06,pi2_0_0_0_0,24,20,0.001,-10,constant
596,4.53506e-08,DD_0_0,24,100,0.001,-10,constant
597,8.50053e-09,Dr_0_0_l_0,24,100,0.001,-10,constant
598,0.001,Hl_0_0,24,100,0.001,-10,constant
599,0.00999982,Hr_0_0,24,100,0.001,-10,constant
600,1.00007e-05,pi2_0_0_0_0,24,100,0.001,-10,constant
601,4.21626e-09,DD_0_0,25,2,1e-08,-100,constant
602,8.20482e-09,Dr_0_0_l_0,25,2,1e-08,-100,constant
603,9.72036e-05,Hl_0_0,25,2,1e-08,-100,constant
604,0.00999914,Hr_0_0,25,2,1e-08,-100,constant
605,9.72116e-07,pi2_0_0_0_0,25,2,1e-08,-100,constant
606,8.81699e-09,DD_0_0,25,5,1e-08,-100,constant
607,1.67788e-08,Dr_0_0_l_0,25,5,1e-08,-100,constant
608,0.000105903,Hl_0_0,25,5,1e-08,-100,constant
609,0.00999705,Hr_0_0,25,5,1e-08,-100,constant
610,1.05163e-06,pi2_0_0_0_0,25,5,1e-08,-100,constant
611,-1.6195e-09,DD_0_0,25,10,1e-08,-100,constant
612,-2.65011e-09,Dr_0_0_l_0,25,10,1e-08,-100,constant
613,9.19175e-05,Hl_0_0,25,10,1e-08,-100,constant
614,0.0100019,Hr_0_0,25,10,1e-08,-100,constant
615,9.26516e-07,pi2_0_0_0_0,25,10,1e-08,-100,constant
616,-1.04374e-08,DD_0_0,25,20,1e-08,-100,constant
617,-1.88834e-08,Dr_0_0_l_0,25,20,1e-08,-100,constant
618,8.84926e-05,Hl_0_0,25,20,1e-08,-100,constant
619,0.0100065,Hr_0_0,25,20,1e-08,-100,constant
620,9.07031e-07,pi2_0_0_0_0,25,20,1e-08,-100,constant
621,-2.34911e-10,DD_0_0,25,100,1e-08,-100,constant
622,8.39028e-11,Dr_0_0_l_0,25,100,1e-08,-100,constant
623,9.84065e-05,Hl_0_0,25,100,1e-08,-100,constant
624,0.0100017,Hr_0_0,25,100,1e-08,-100,constant
625,9.93178e-07,pi2_0_0_0_0,25,100,1e-08,-100,constant
626,4.21599e-09,DD_0_0,26,2,1e-07,-100,constant
627,8.20363e-09,Dr_0_0_l_0,26,2,1e-07,-100,constant
628,9.72036e-05,Hl_0_0,26,2,1e-07,-100,constant
629,0.00999914,Hr_0_0,26,2,1e-07,-100,constant
630,9.72116e-07,pi2_0_0_0_0,26,2,1e-07,-100,constant
631,8.81475e-09,DD_0_0,26,5,1e-07,-100,constant
632,1.67721e-08,Dr_0_0_l_0,26,5,1e-07,-100,constant
633,0.000105903,Hl_0_0,26,5,1e-07,-100,constant
634,0.00999705,Hr_0_0,26,5,1e-07,-100,constant
635,1.05163e-06,pi2_0_0_0_0,26,5,1e-07,-100,constant
636,-1.61713e-09,DD_0_0,26,10,1e-07,-100,constant
637,-2.64394e-09,Dr_0_0_l_0,26,10,1e-07,-100,constant
638,9.19175e-05,Hl_0_0,26,10,1e-07,-100,constant
639,0.0100019,Hr_0_0,26,10,1e-07,-100,constant
640,9.26514e-07,pi2_0_0_0_0,26,10,1e-07,-100,constant
641,-1.04294e-08,DD_0_0,26,20,1e-07,-100,constant
642,-1.88628e-08,Dr_0_0_l_0,26,20,1e-07,-100,constant
643,8.84926e-05,Hl_0_0,26,20,1e-07,-100,constant
644,0.0100065,Hr_0_0,26,20,1e-07,-100,constant
645,9.07021e-07,pi2_0_0_0_0,26,20,1e-07,-100,constant
646,-2.55165e-10,DD_0_0,26,100,1e-07,-100,constant
647,4.83107e-11,Dr_0_0_l_0,26,100,1e-07,-100,constant
648,9.84065e-05,Hl_0_0,26,100,1e-07,-100,constant
649,0.0100018,Hr_0_0,26,100,1e-07,-100,constant
650,9.93212e-07,pi2_0_0_0_0,26,100,1e-07,-100,constant
651,4.2132e-09,DD_0_0,27,2,1e-06,-100,constant
652,8.19156e-09,Dr_0_0_l_0,27,2,1e-06,-100,constant
653,9.72036e-05,Hl_0_0,27,2,1e-06,-100,constant
654,0.00999914,Hr_0_0,27,2,1e-06,-100,constant
655,9.72116e-07,pi2_0_0_0_0,27,2,1e-06,-100,constant
656,8.79244e-09,DD_0_0,27,5,1e-06,-100,constant
657,1.67059e-08,Dr_0_0_l_0,27,5,1e-06,-100,constant
658,0.000105903,Hl_0_0,27,5,1e-06,-100,constant
659,0.00999706,Hr_0_0,27,5,1e-06,-100,constant
660,1.05167e-06,pi2_0_0_0_0,27,5,1e-06,-100,constant
661,-1.59365e-09,DD_0_0,27,10,1e-06,-100,constant
662,-2.58282e-09,Dr_0_0_l_0,27,10,1e-06,-100,constant
663,9.19175e-05,Hl_0_0,27,10,1e-06,-100,constant
664,0.0100018,Hr_0_0,27,10,1e-06,-100,constant
665,9.26493e-07,pi2_0_0_0_0,27,10,1e-06,-100,constant
666,-1.03495e-08,DD_0_0,27,20,1e-06,-100,constant
667,-1.86561e-08,Dr_0_0_l_0,27,20,1e-06,-100,constant
668,8.84925e-05,Hl_0_0,27,20,1e-06,-100,constant
669,0.0100065,Hr_0_0,27,20,1e-06,-100,constant
670,9.06925e-07,pi2_0_0_0_0,27,20,1e-06,-100,constant
671,-1.80833e-10,DD_0_0,27,100,1e-06,-100,constant
672,2.0068e-10,Dr_0_0_l_0,27,100,1e-06,-100,constant
673,9.84065e-05,Hl_0_0,27,100,1e-06,-100,constant
674,0.0100017,Hr_0_0,27,100,1e-06,-100,constant
675,9.93081e-07,pi2_0_0_0_0,27,100,1e-06,-100,constant
676,4.18561e-09,DD_0_0,28,2,1e-05,-100,constant
677,8.07269e-09,Dr_0_0_l_0,28,2,1e-05,-100,constant
678,9.72036e-05,Hl_0_0,28,2,1e-05,-100,constant
679,0.00999915,Hr_0_0,28,2,1e-05,-100,constant
680,9.72118e-07,pi2_0_0_0_0,28,2,1e-05,-100,constant
681,8.57658e-09,DD_0_0,28,5,1e-05,-100,constant
682,1.60687e-08,Dr_0_0_l_0,28,5,1e-05,-100,constant
683,0.000105903,Hl_0_0,28,5,1e-05,-100,constant
684,0.00999719,Hr_0_0,28,5,1e-05,-100,constant
685,1.05206e-06,pi2_0_0_0_0,28,5,1e-05,-100,constant
686,-1.36547e-09,DD_0_0,28,10,1e-05,-100,constant
687,-1.99485e-09,Dr_0_0_l_0,28,10,1e-05,-100,constant
688,9.19175e-05,Hl_0_0,28,10,1e-05,-100,constant
689,0.0100017,Hr_0_0,28,10,1e-05,-100,constant
690,9.26288e-07,pi2_0_0_0_0,28,10,1e-05,-100,constant
691,-9.57908e-09,DD_0_0,28,20,1e-05,-100,constant
692,-1.66832e-08,Dr_0_0_l_0,28,20,1e-05,-100,constant
693,8.84926e-05,Hl_0_0,28,20,1e-05,-100,constant
694,0.0100061,Hr_0_0,28,20,1e-05,-100,constant
695,9.05986e-07,pi2_0_0_0_0,28,20,1e-05,-100,constant
696,1.3987e-10,DD_0_0,28,100,1e-05,-100,constant
697,9.30793e-10,Dr_0_0_l_0,28,100,1e-05,-100,constant
698,9.84065e-05,Hl_0_0,28,100,1e-05,-100,constant
699,0.0100015,Hr_0_0,28,100,1e-05,-100,constant
700,9.92522e-07,pi2_0_0_0_0,28,100,1e-05,-100,constant
701,3.92992e-09,DD_0_0,29,2,1e-04,-100,constant
702,7.01735e-09,Dr_0_0_l_0,29,2,1e-04,-100,constant
703,9.72036e-05,Hl_0_0,29,2,1e-04,-100,constant
704,0.00999925,Hr_0_0,29,2,1e-04,-100,constant
705,9.72131e-07,pi2_0_0_0_0,29,2,1e-04,-100,constant
706,6.95524e-09,DD_0_0,29,5,1e-04,-100,constant
707,1.15173e-08,Dr_0_0_l_0,29,5,1e-04,-100,constant
708,0.000105903,Hl_0_0,29,5,1e-04,-100,constant
709,0.00999806,Hr_0_0,29,5,1e-04,-100,constant
710,1.05471e-06,pi2_0_0_0_0,29,5,1e-04,-100,constant
711,3.52421e-10,DD_0_0,29,10,1e-04,-100,constant
712,1.9896e-09,Dr_0_0_l_0,29,10,1e-04,-100,constant
713,9.19175e-05,Hl_0_0,29,10,1e-04,-100,constant
714,0.0100009,Hr_0_0,29,10,1e-04,-100,constant
715,9.24408e-07,pi2_0_0_0_0,29,10,1e-04,-100,constant
716,-4.10265e-09,DD_0_0,29,20,1e-04,-100,constant
717,-3.92184e-09,Dr_0_0_l_0,29,20,1e-04,-100,constant
718,8.84926e-05,Hl_0_0,29,20,1e-04,-100,constant
719,0.0100032,Hr_0_0,29,20,1e-04,-100,constant
720,8.98538e-07,pi2_0_0_0_0,29,20,1e-04,-100,constant
721,2.33398e-09,DD_0_0,29,100,1e-04,-100,constant
722,5.11361e-09,Dr_0_0_l_0,29,100,1e-04,-100,constant
723,9.84065e-05,Hl_0_0,29,100,1e-04,-100,constant
724,0.0100002,Hr_0_0,29,100,1e-04,-100,constant
725,9.88253e-07,pi2_0_0_0_0,29,100,1e-04,-100,constant
726,2.36027e-09,DD_0_0,30,2,0.001,-100,constant
727,2.38426e-09,Dr_0_0_l_0,30,2,0.001,-100,constant
728,9.72036e-05,Hl_0_0,30,2,0.001,-100,constant
729,0.00999967,Hr_0_0,30,2,0.001,-100,constant
730,9.72061e-07,pi2_0_0_0_0,30,2,0.001,-100,constant
731,2.84028e-09,DD_0_0,30,5,0.001,-100,constant
732,2.50844e-09,Dr_0_0_l_0,30,5,0.001,-100,constant
733,0.000105903,Hl_0_0,30,5,0.001,-100,constant
734,0.00999959,Hr_0_0,30,5,0.001,-100,constant
735,1.05867e-06,pi2_0_0_0_0,30,5,0.001,-100,constant
736,2.04661e-09,DD_0_0,30,10,0.001,-100,constant
737,2.47469e-09,Dr_0_0_l_0,30,10,0.001,-100,constant
738,9.19175e-05,Hl_0_0,30,10,0.001,-100,constant
739,0.00999974,Hr_0_0,30,10,0.001,-100,constant
740,9.19579e-07,pi2_0_0_0_0,30,10,0.001,-100,constant
741,1.84308e-09,DD_0_0,30,20,0.001,-100,constant
742,2.53058e-09,Dr_0_0_l_0,30,20,0.001,-100,constant
743,8.84925e-05,Hl_0_0,30,20,0.001,-100,constant
744,0.00999979,Hr_0_0,30,20,0.001,-100,constant
745,8.85586e-07,pi2_0_0_0_0,30,20,0.001,-100,constant
746,2.4171e-09,DD_0_0,30,100,0.001,-100,constant
747,2.47846e-09,Dr_0_0_l_0,30,100,0.001,-100,constant
748,9.84065e-05,Hl_0_0,30,100,0.001,-100,constant
749,0.00999967,Hr_0_0,30,100,0.001,-100,constant
750,9.84141e-07,pi2_0_0_0_0,30,100,0.001,-100,constant
751,1.93253e-05,DD_0_0,1,2,1e-08,0,10x_growth
752,9.22025e-06,Dr_0_0_l_0,1,2,1e-08,0,10x_growth
753,0.0101213,Hl_0_0,1,2,1e-08,0,10x_growth
754,0.0101213,Hr_0_0,1,2,1e-08,0,10x_growth
755,0.000104298,pi2_0_0_0_0,1,2,1e-08,0,10x_growth
756,1.93253e-05,DD_0_0,1,5,1e-08,0,10x_growth
757,9.22025e-06,Dr_0_0_l_0,1,5,1e-08,0,10x_growth
758,0.0101213,Hl_0_0,1,5,1e-08,0,10x_growth
759,0.0101213,Hr_0_0,1,5,1e-08,0,10x_growth
760,0.000104298,pi2_0_0_0_0,1,5,1e-08,0,10x_growth
761,1.93253e-05,DD_0_0,1,10,1e-08,0,10x_growth
762,9.22025e-06,Dr_0_0_l_0,1,10,1e-08,0,10x_growth
763,0.0101213,Hl_0_0,1,10,1e-08,0,10x_growth
764,0.0101213,Hr_0_0,1,10,1e-08,0,10x_growth
765,0.000104298,pi2_0_0_0_0,1,10,1e-08,0,10x_growth
766,1.93253e-05,DD_0_0,1,20,1e-08,0,10x_growth
767,9.22025e-06,Dr_0_0_l_0,1,20,1e-08,0,10x_growth
768,0.0101213,Hl_0_0,1,20,1e-08,0,10x_growth
769,0.0101213,Hr_0_0,1,20,1e-08,0,10x_growth
770,0.000104298,pi2_0_0_0_0,1,20,1e-08,0,10x_growth
771,1.93253e-05,DD_0_0,1,100,1e-08,0,10x_growth
772,9.22025e-06,Dr_0_0_l_0,1,100,1e-08,0,10x_growth
773,0.0101213,Hl_0_0,1,100,1e-08,0,10x_growth
774,0.0101213,Hr_0_0,1,100,1e-08,0,10x_growth
775,0.000104298,pi2_0_0_0_0,1,100,1e-08,0,10x_growth
776,1.92088e-05,DD_0_0,2,2,1e-07,0,10x_growth
777,9.14985e-06,Dr_0_0_l_0,2,2,1e-07,0,10x_growth
778,0.0101213,Hl_0_0,2,2,1e-07,0,10x_growth
779,0.0101213,Hr_0_0,2,2,1e-07,0,10x_growth
780,0.000104286,pi2_0_0_0_0,2,2,1e-07,0,10x_growth
781,1.92088e-05,DD_0_0,2,5,1e-07,0,10x_growth
782,9.14985e-06,Dr_0_0_l_0,2,5,1e-07,0,10x_growth
783,0.0101213,Hl_0_0,2,5,1e-07,0,10x_growth
784,0.0101213,Hr_0_0,2,5,1e-07,0,10x_growth
785,0.000104286,pi2_0_0_0_0,2,5,1e-07,0,10x_growth
786,1.92088e-05,DD_0_0,2,10,1e-07,0,10x_growth
787,9.14985e-06,Dr_0_0_l_0,2,10,1e-07,0,10x_growth
788,0.0101213,Hl_0_0,2,10,1e-07,0,10x_growth
789,0.0101213,Hr_0_0,2,10,1e-07,0,10x_growth
790,0.000104286,pi2_0_0_0_0,2,10,1e-07,0,10x_growth
791,1.92088e-05,DD_0_0,2,20,1e-07,0,10x_growth
792,9.14985e-06,Dr_0_0_l_0,2,20,1e-07,0,10x_growth
793,0.0101213,Hl_0_0,2,20,1e-07,0,10x_growth
794,0.0101213,Hr_0_0,2,20,1e-07,0,10x_growth
795,0.000104286,pi2_0_0_0_0,2,20,1e-07,0,10x_growth
796,1.92088e-05,DD_0_0,2,100,1e-07,0,10x_growth
797,9.14985e-06,Dr_0_0_l_0,2,100,1e-07,0,10x_growth
798,0.0101213,Hl_0_0,2,100,1e-07,0,10x_growth
799,0.0101213,Hr_0_0,2,100,1e-07,0,10x_growth
800,0.000104286,pi2_0_0_0_0,2,100,1e-07,0,10x_growth
801,1.81105e-05,DD_0_0,3,2,1e-06,0,10x_growth
802,8.4877e-06,Dr_0_0_l_0,3,2,1e-06,0,10x_growth
803,0.0101213,Hl_0_0,3,2,1e-06,0,10x_growth
804,0.0101213,Hr_0_0,3,2,1e-06,0,10x_growth
805,0.000104175,pi2_0_0_0_0,3,2,1e-06,0,10x_growth
806,1.81105e-05,DD_0_0,3,5,1e-06,0,10x_growth
807,8.4877e-06,Dr_0_0_l_0,3,5,1e-06,0,10x_growth
808,0.0101213,Hl_0_0,3,5,1e-06,0,10x_growth
809,0.0101213,Hr_0_0,3,5,1e-06,0,10x_growth
810,0.000104175,pi2_0_0_0_0,3,5,1e-06,0,10x_growth
811,1.81105e-05,DD_0_0,3,10,1e-06,0,10x_growth
812,8.4877e-06,Dr_0_0_l_0,3,10,1e-06,0,10x_growth
813,0.0101213,Hl_0_0,3,10,1e-06,0,10x_growth
814,0.0101213,Hr_0_0,3,10,1e-06,0,10x_growth
815,0.000104175,pi2_0_0_0_0,3,10,1e-06,0,10x_growth
816,1.81105e-05,DD_0_0,3,20,1e-06,0,10x_growth
817,8.4877e-06,Dr_0_0_l_0,3,20,1e-06,0,10x_growth
818,0.0101213,Hl_0_0,3,20,1e-06,0,10x_growth
819,0.0101213,Hr_0_0,3,20,1e-06,0,10x_growth
820,0.000104175,pi2_0_0_0_0,3,20,1e-06,0,10x_growth
821,1.81105e-05,DD_0_0,3,100,1e-06,0,10x_growth
822,8.4877e-06,Dr_0_0_l_0,3,100,1e-06,0,10x_growth
823,0.0101213,Hl_0_0,3,100,1e-06,0,10x_growth
824,0.0101213,Hr_0_0,3,100,1e-06,0,10x_growth
825,0.000104175,pi2_0_0_0_0,3,100,1e-06,0,10x_growth
826,1.13539e-05,DD_0_0,4,2,1e-05,0,10x_growth
827,4.53105e-06,Dr_0_0_l_0,4,2,1e-05,0,10x_growth
828,0.0101213,Hl_0_0,4,2,1e-05,0,10x_growth
829,0.0101213,Hr_0_0,4,2,1e-05,0,10x_growth
830,0.00010347,pi2_0_0_0_0,4,2,1e-05,0,10x_growth
831,1.13539e-05,DD_0_0,4,5,1e-05,0,10x_growth
832,4.53105e-06,Dr_0_0_l_0,4,5,1e-05,0,10x_growth
833,0.0101213,Hl_0_0,4,5,1e-05,0,10x_growth
834,0.0101213,Hr_0_0,4,5,1e-05,0,10x_growth
835,0.00010347,pi2_0_0_0_0,4,5,1e-05,0,10x_growth
836,1.13539e-05,DD_0_0,4,10,1e-05,0,10x_growth
837,4.53105e-06,Dr_0_0_l_0,4,10,1e-05,0,10x_growth
838,0.0101213,Hl_0_0,4,10,1e-05,0,10x_growth
839,0.0101213,Hr_0_0,4,10,1e-05,0,10x_growth
840,0.00010347,pi2_0_0_0_0,4,10,1e-05,0,10x_growth
841,1.13539e-05,DD_0_0,4,20,1e-05,0,10x_growth
842,4.53105e-06,Dr_0_0_l_0,4,20,1e-05,0,10x_growth
843,0.0101213,Hl_0_0,4,20,1e-05,0,10x_growth
844,0.0101213,Hr_0_0,4,20,1e-05,0,10x_growth
845,0.00010347,pi2_0_0_0_0,4,20,1e-05,0,10x_growth
846,1.13539e-05,DD_0_0,4,100,1e-05,0,10x_growth
847,4.53105e-06,Dr_0_0_l_0,4,100,1e-05,0,10x_growth
848,0.0101213,Hl_0_0,4,100,1e-05,0,10x_growth
849,0.0101213,Hr_0_0,4,100,1e-05,0,10x_growth
850,0.00010347,pi2_0_0_0_0,4,100,1e-05,0,10x_growth
851,2.28454e-06,DD_0_0,5,2,1e-04,0,10x_growth
852,3.35742e-07,Dr_0_0_l_0,5,2,1e-04,0,10x_growth
853,0.0101213,Hl_0_0,5,2,1e-04,0,10x_growth
854,0.0101213,Hr_0_0,5,2,1e-04,0,10x_growth
855,0.000102563,pi2_0_0_0_0,5,2,1e-04,0,10x_growth
856,2.28454e-06,DD_0_0,5,5,1e-04,0,10x_growth
857,3.35742e-07,Dr_0_0_l_0,5,5,1e-04,0,10x_growth
858,0.0101213,Hl_0_0,5,5,1e-04,0,10x_growth
859,0.0101213,Hr_0_0,5,5,1e-04,0,10x_growth
860,0.000102563,pi2_0_0_0_0,5,5,1e-04,0,10x_growth
861,2.28454e-06,DD_0_0,5,10,1e-04,0,10x_growth
862,3.35742e-07,Dr_0_0_l_0,5,10,1e-04,0,10x_growth
863,0.0101213,Hl_0_0,5,10,1e-04,0,10x_growth
864,0.0101213,Hr_0_0,5,10,1e-04,0,10x_growth
865,0.000102563,pi2_0_0_0_0,5,10,1e-04,0,10x_growth
866,2.28454e-06,DD_0_0,5,20,1e-04,0,10x_growth
867,3.35742e-07,Dr_0_0_l_0,5,20,1e-04,0,10x_growth
868,0.0101213,Hl_0_0,5,20,1e-04,0,10x_growth
869,0.0101213,Hr_0_0,5,20,1e-04,0,10x_growth
870,0.000102563,pi2_0_0_0_0,5,20,1e-04,0,10x_growth
871,2.28454e-06,DD_0_0,5,100,1e-04,0,10x_growth
872,3.35742e-07,Dr_0_0_l_0,5,100,1e-04,0,10x_growth
873,0.0101213,Hl_0_0,5,100,1e-04,0,10x_growth
874,0.0101213,Hr_0_0,5,100,1e-04,0,10x_growth
875,0.000102563,pi2_0_0_0_0,5,100,1e-04,0,10x_growth
876,2.52991e-07,DD_0_0,6,2,0.001,0,10x_growth
877,4.87951e-09,Dr_0_0_l_0,6,2,0.001,0,10x_growth
878,0.0101213,Hl_0_0,6,2,0.001,0,10x_growth
879,0.0101213,Hr_0_0,6,2,0.001,0,10x_growth
880,0.000102443,pi2_0_0_0_0,6,2,0.001,0,10x_growth
881,2.52991e-07,DD_0_0,6,5,0.001,0,10x_growth
882,4.87951e-09,Dr_0_0_l_0,6,5,0.001,0,10x_growth
883,0.0101213,Hl_0_0,6,5,0.001,0,10x_growth
884,0.0101213,Hr_0_0,6,5,0.001,0,10x_growth
885,0.000102443,pi2_0_0_0_0,6,5,0.001,0,10x_growth
886,2.52991e-07,DD_0_0,6,10,0.001,0,10x_growth
887,4.87951e-09,Dr_0_0_l_0,6,10,0.001,0,10x_growth
888,0.0101213,Hl_0_0,6,10,0.001,0,10x_growth
889,0.0101213,Hr_0_0,6,10,0.001,0,10x_growth
890,0.000102443,pi2_0_0_0_0,6,10,0.001,0,10x_growth
891,2.52991e-07,DD_0_0,6,20,0.001,0,10x_growth
892,4.87951e-09,Dr_0_0_l_0,6,20,0.001,0,10x_growth
893,0.0101213,Hl_0_0,6,20,0.001,0,10x_growth
894,0.0101213,Hr_0_0,6,20,0.001,0,10x_growth
895,0.000102443,pi2_0_0_0_0,6,20,0.001,0,10x_growth
896,2.52991e-07,DD_0_0,6,100,0.001,0,10x_growth
897,4.87951e-09,Dr_0_0_l_0,6,100,0.001,0,10x_growth
898,0.0101213,Hl_0_0,6,100,0.001,0,10x_growth
899,0.0101213,Hr_0_0,6,100,0.001,0,10x_growth
900,0.000102443,pi2_0_0_0_0,6,100,0.001,0,10x_growth
901,1.83544e-05,DD_0_0,7,2,1e-08,-0.1,10x_growth
902,8.98496e-06,Dr_0_0_l_0,7,2,1e-08,-0.1,10x_growth
903,0.00974812,Hl_0_0,7,2,1e-08,-0.1,10x_growth
904,0.0101213,Hr_0_0,7,2,1e-08,-0.1,10x_growth
905,0.000100502,pi2_0_0_0_0,7,2,1e-08,-0.1,10x_growth
906,1.83562e-05,DD_0_0,7,5,1e-08,-0.1,10x_growth
907,8.98847e-06,Dr_0_0_l_0,7,5,1e-08,-0.1,10x_growth
908,0.00974824,Hl_0_0,7,5,1e-08,-0.1,10x_growth
909,0.0101213,Hr_0_0,7,5,1e-08,-0.1,10x_growth
910,0.000100503,pi2_0_0_0_0,7,5,1e-08,-0.1,10x_growth
911,1.83562e-05,DD_0_0,7,10,1e-08,-0.1,10x_growth
912,8.98847e-06,Dr_0_0_l_0,7,10,1e-08,-0.1,10x_growth
913,0.00974824,Hl_0_0,7,10,1e-08,-0.1,10x_growth
914,0.0101213,Hr_0_0,7,10,1e-08,-0.1,10x_growth
915,0.000100503,pi2_0_0_0_0,7,10,1e-08,-0.1,10x_growth
916,1.83562e-05,DD_0_0,7,20,1e-08,-0.1,10x_growth
917,8.98847e-06,Dr_0_0_l_0,7,20,1e-08,-0.1,10x_growth
918,0.00974824,Hl_0_0,7,20,1e-08,-0.1,10x_growth
919,0.0101213,Hr_0_0,7,20,1e-08,-0.1,10x_growth
920,0.000100503,pi2_0_0_0_0,7,20,1e-08,-0.1,10x_growth
921,1.83562e-05,DD_0_0,7,100,1e-08,-0.1,10x_growth
922,8.98847e-06,Dr_0_0_l_0,7,100,1e-08,-0.1,10x_growth
923,0.00974824,Hl_0_0,7,100,1e-08,-0.1,10x_growth
924,0.0101213,Hr_0_0,7,100,1e-08,-0.1,10x_growth
925,0.000100503,pi2_0_0_0_0,7,100,1e-08,-0.1,10x_growth
926,1.82439e-05,DD_0_0,8,2,1e-07,-0.1,10x_growth
927,8.91673e-06,Dr_0_0_l_0,8,2,1e-07,-0.1,10x_growth
928,0.00974812,Hl_0_0,8,2,1e-07,-0.1,10x_growth
929,0.0101213,Hr_0_0,8,2,1e-07,-0.1,10x_growth
930,0.00010049,pi2_0_0_0_0,8,2,1e-07,-0.1,10x_growth
931,1.82457e-05,DD_0_0,8,5,1e-07,-0.1,10x_growth
932,8.92021e-06,Dr_0_0_l_0,8,5,1e-07,-0.1,10x_growth
933,0.00974824,Hl_0_0,8,5,1e-07,-0.1,10x_growth
934,0.0101213,Hr_0_0,8,5,1e-07,-0.1,10x_growth
935,0.000100492,pi2_0_0_0_0,8,5,1e-07,-0.1,10x_growth
936,1.82457e-05,DD_0_0,8,10,1e-07,-0.1,10x_growth
937,8.92021e-06,Dr_0_0_l_0,8,10,1e-07,-0.1,10x_growth
938,0.00974824,Hl_0_0,8,10,1e-07,-0.1,10x_growth
939,0.0101213,Hr_0_0,8,10,1e-07,-0.1,10x_growth
940,0.000100492,pi2_0_0_0_0,8,10,1e-07,-0.1,10x_growth
941,1.82457e-05,DD_0_0,8,20,1e-07,-0.1,10x_growth
942,8.92021e-06,Dr_0_0_l_0,8,20,1e-07,-0.1,10x_growth
943,0.00974824,Hl_0_0,8,20,1e-07,-0.1,10x_growth
944,0.0101213,Hr_0_0,8,20,1e-07,-0.1,10x_growth
945,0.000100492,pi2_0_0_0_0,8,20,1e-07,-0.1,10x_growth
946,1.82457e-05,DD_0_0,8,100,1e-07,-0.1,10x_growth
947,8.92021e-06,Dr_0_0_l_0,8,100,1e-07,-0.1,10x_growth
948,0.00974824,Hl_0_0,8,100,1e-07,-0.1,10x_growth
949,0.0101213,Hr_0_0,8,100,1e-07,-0.1,10x_growth
950,0.000100492,pi2_0_0_0_0,8,100,1e-07,-0.1,10x_growth
951,1.72026e-05,DD_0_0,9,2,1e-06,-0.1,10x_growth
952,8.275e-06,Dr_0_0_l_0,9,2,1e-06,-0.1,10x_growth
953,0.00974812,Hl_0_0,9,2,1e-06,-0.1,10x_growth
954,0.0101213,Hr_0_0,9,2,1e-06,-0.1,10x_growth
955,0.000100381,pi2_0_0_0_0,9,2,1e-06,-0.1,10x_growth
956,1.72041e-05,DD_0_0,9,5,1e-06,-0.1,10x_growth
957,8.27817e-06,Dr_0_0_l_0,9,5,1e-06,-0.1,10x_growth
958,0.00974824,Hl_0_0,9,5,1e-06,-0.1,10x_growth
959,0.0101213,Hr_0_0,9,5,1e-06,-0.1,10x_growth
960,0.000100382,pi2_0_0_0_0,9,5,1e-06,-0.1,10x_growth
961,1.72041e-05,DD_0_0,9,10,1e-06,-0.1,10x_growth
962,8.27817e-06,Dr_0_0_l_0,9,10,1e-06,-0.1,10x_growth
963,0.00974824,Hl_0_0,9,10,1e-06,-0.1,10x_growth
964,0.0101213,Hr_0_0,9,10,1e-06,-0.1,10x_growth
965,0.000100382,pi2_0_0_0_0,9,10,1e-06,-0.1,10x_growth
966,1.72041e-05,DD_0_0,9,20,1e-06,-0.1,10x_growth
967,8.27817e-06,Dr_0_0_l_0,9,20,1e-06,-0.1,10x_growth
968,0.00974824,Hl_0_0,9,20,1e-06,-0.1,10x_growth
969,0.0101213,Hr_0_0,9,20,1e-06,-0.1,10x_growth
970,0.000100382,pi2_0_0_0_0,9,20,1e-06,-0.1,10x_growth
971,1.72041e-05,DD_0_0,9,100,1e-06,-0.1,10x_growth
972,8.27817e-06,Dr_0_0_l_0,9,100,1e-06,-0.1,10x_growth
973,0.00974824,Hl_0_0,9,100,1e-06,-0.1,10x_growth
974,0.0101213,Hr_0_0,9,100,1e-06,-0.1,10x_growth
975,0.000100382,pi2_0_0_0_0,9,100,1e-06,-0.1,10x_growth
976,1.08052e-05,DD_0_0,10,2,1e-05,-0.1,10x_growth
977,4.43856e-06,Dr_0_0_l_0,10,2,1e-05,-0.1,10x_growth
978,0.00974812,Hl_0_0,10,2,1e-05,-0.1,10x_growth
979,0.0101213,Hr_0_0,10,2,1e-05,-0.1,10x_growth
980,9.96866e-05,pi2_0_0_0_0,10,2,1e-05,-0.1,10x_growth
981,1.08057e-05,DD_0_0,10,5,1e-05,-0.1,10x_growth
982,4.43997e-06,Dr_0_0_l_0,10,5,1e-05,-0.1,10x_growth
983,0.00974824,Hl_0_0,10,5,1e-05,-0.1,10x_growth
984,0.0101213,Hr_0_0,10,5,1e-05,-0.1,10x_growth
985,9.9688e-05,pi2_0_0_0_0,10,5,1e-05,-0.1,10x_growth
986,1.08057e-05,DD_0_0,10,10,1e-05,-0.1,10x_growth
987,4.43997e-06,Dr_0_0_l_0,10,10,1e-05,-0.1,10x_growth
988,0.00974824,Hl_0_0,10,10,1e-05,-0.1,10x_growth
989,0.0101213,Hr_0_0,10,10,1e-05,-0.1,10x_growth
990,9.9688e-05,pi2_0_0_0_0,10,10,1e-05,-0.1,10x_growth
991,1.08057e-05,DD_0_0,10,20,1e-05,-0.1,10x_growth
992,4.43997e-06,Dr_0_0_l_0,10,20,1e-05,-0.1,10x_growth
993,0.00974824,Hl_0_0,10,20,1e-05,-0.1,10x_growth
994,0.0101213,Hr_0_0,10,20,1e-05,-0.1,10x_growth
995,9.9688e-05,pi2_0_0_0_0,10,20,1e-05,-0.1,10x_growth
996,1.08057e-05,DD_0_0,10,100,1e-05,-0.1,10x_growth
997,4.43997e-06,Dr_0_0_l_0,10,100,1e-05,-0.1,10x_growth
998,0.00974824,Hl_0_0,10,100,1e-05,-0.1,10x_growth
999,0.0101213,Hr_0_0,10,100,1e-05,-0.1,10x_growth
1000,9.9688e-05,pi2_0_0_0_0,10,100,1e-05,-0.1,10x_growth
1001,2.19222e-06,DD_0_0,11,2,1e-04,-0.1,10x_growth
1002,3.36522e-07,Dr_0_0_l_0,11,2,1e-04,-0.1,10x_growth
1003,0.00974812,Hl_0_0,11,2,1e-04,-0.1,10x_growth
1004,0.0101213,Hr_0_0,11,2,1e-04,-0.1,10x_growth
1005,9.87857e-05,pi2_0_0_0_0,11,2,1e-04,-0.1,10x_growth
1006,2.19225e-06,DD_0_0,11,5,1e-04,-0.1,10x_growth
1007,3.3656e-07,Dr_0_0_l_0,11,5,1e-04,-0.1,10x_growth
1008,0.00974824,Hl_0_0,11,5,1e-04,-0.1,10x_growth
1009,0.0101213,Hr_0_0,11,5,1e-04,-0.1,10x_growth
1010,9.87869e-05,pi2_0_0_0_0,11,5,1e-04,-0.1,10x_growth
1011,2.19225e-06,DD_0_0,11,10,1e-04,-0.1,10x_growth
1012,3.3656e-07,Dr_0_0_l_0,11,10,1e-04,-0.1,10x_growth
1013,0.00974824,Hl_0_0,11,10,1e-04,-0.1,10x_growth
1014,0.0101213,Hr_0_0,11,10,1e-04,-0.1,10x_growth
1015,9.87869e-05,pi2_0_0_0_0,11,10,1e-04,-0.1,10x_growth
1016,2.19225e-06,DD_0_0,11,20,1e-04,-0.1,10x_growth
1017,3.3656e-07,Dr_0_0_l_0,11,20,1e-04,-0.1,10x_growth
1018,0.00974824,Hl_0_0,11,20,1e-04,-0.1,10x_growth
1019,0.0101213,Hr_0_0,11,20,1e-04,-0.1,10x_growth
1020,9.87869e-05,pi2_0_0_0_0,11,20,1e-04,-0.1,10x_growth
1021,2.19225e-06,DD_0_0,11,100,1e-04,-0.1,10x_growth
1022,3.3656e-07,Dr_0_0_l_0,11,100,1e-04,-0.1,10x_growth
1023,0.00974824,Hl_0_0,11,100,1e-04,-0.1,10x_growth
1024,0.0101213,Hr_0_0,11,100,1e-04,-0.1,10x_growth
1025,9.87869e-05,pi2_0_0_0_0,11,100,1e-04,-0.1,10x_growth
1026,2.43551e-07,DD_0_0,12,2,0.001,-0.1,10x_growth
1027,4.95754e-09,Dr_0_0_l_0,12,2,0.001,-0.1,10x_growth
1028,0.00974812,Hl_0_0,12,2,0.001,-0.1,10x_growth
1029,0.0101213,Hr_0_0,12,2,0.001,-0.1,10x_growth
1030,9.8666e-05,pi2_0_0_0_0,12,2,0.001,-0.1,10x_growth
1031,2.43554e-07,DD_0_0,12,5,0.001,-0.1,10x_growth
1032,4.95753e-09,Dr_0_0_l_0,12,5,0.001,-0.1,10x_growth
1033,0.00974824,Hl_0_0,12,5,0.001,-0.1,10x_growth
1034,0.0101213,Hr_0_0,12,5,0.001,-0.1,10x_growth
1035,9.86672e-05,pi2_0_0_0_0,12,5,0.001,-0.1,10x_growth
1036,2.43554e-07,DD_0_0,12,10,0.001,-0.1,10x_growth
1037,4.95753e-09,Dr_0_0_l_0,12,10,0.001,-0.1,10x_growth
1038,0.00974824,Hl_0_0,12,10,0.001,-0.1,10x_growth
1039,0.0101213,Hr_0_0,12,10,0.001,-0.1,10x_growth
1040,9.86672e-05,pi2_0_0_0_0,12,10,0.001,-0.1,10x_growth
1041,2.43554e-07,DD_0_0,12,20,0.001,-0.1,10x_growth
1042,4.95753e-09,Dr_0_0_l_0,12,20,0.001,-0.1,10x_growth
1043,0.00974824,Hl_0_0,12,20,0.001,-0.1,10x_growth
1044,0.0101213,Hr_0_0,12,20,0.001,-0.1,10x_growth
1045,9.86672e-05,pi2_0_0_0_0,12,20,0.001,-0.1,10x_growth
1046,2.43554e-07,DD_0_0,12,100,0.001,-0.1,10x_growth
1047,4.95753e-09,Dr_0_0_l_0,12,100,0.001,-0.1,10x_growth
1048,0.00974824,Hl_0_0,12,100,0.001,-0.1,10x_growth
1049,0.0101213,Hr_0_0,12,100,0.001,-0.1,10x_growth
1050,9.86672e-05,pi2_0_0_0_0,12,100,0.001,-0.1,10x_growth
1051,1.07996e-05,DD_0_0,13,2,1e-08,-1,10x_growth
1052,6.9392e-06,Dr_0_0_l_0,13,2,1e-08,-1,10x_growth
1053,0.0068378,Hl_0_0,13,2,1e-08,-1,10x_growth
1054,0.0101192,Hr_0_0,13,2,1e-08,-1,10x_growth
1055,7.05873e-05,pi2_0_0_0_0,13,2,1e-08,-1,10x_growth
1056,1.11512e-05,DD_0_0,13,5,1e-08,-1,10x_growth
1057,7.12562e-06,Dr_0_0_l_0,13,5,1e-08,-1,10x_growth
1058,0.00690339,Hl_0_0,13,5,1e-08,-1,10x_growth
1059,0.0101192,Hr_0_0,13,5,1e-08,-1,10x_growth
1060,7.12621e-05,pi2_0_0_0_0,13,5,1e-08,-1,10x_growth
1061,1.11506e-05,DD_0_0,13,10,1e-08,-1,10x_growth
1062,7.12762e-06,Dr_0_0_l_0,13,10,1e-08,-1,10x_growth
1063,0.00690295,Hl_0_0,13,10,1e-08,-1,10x_growth
1064,0.0101192,Hr_0_0,13,10,1e-08,-1,10x_growth
1065,7.12581e-05,pi2_0_0_0_0,13,10,1e-08,-1,10x_growth
1066,1.11506e-05,DD_0_0,13,20,1e-08,-1,10x_growth
1067,7.12762e-06,Dr_0_0_l_0,13,20,1e-08,-1,10x_growth
1068,0.00690295,Hl_0_0,13,20,1e-08,-1,10x_growth
1069,0.0101192,Hr_0_0,13,20,1e-08,-1,10x_growth
1070,7.12581e-05,pi2_0_0_0_0,13,20,1e-08,-1,10x_growth
1071,1.11506e-05,DD_0_0,13,100,1e-08,-1,10x_growth
1072,7.12762e-06,Dr_0_0_l_0,13,100,1e-08,-1,10x_growth
1073,0.00690295,Hl_0_0,13,100,1e-08,-1,10x_growth
1074,0.0101192,Hr_0_0,13,100,1e-08,-1,10x_growth
1075,7.12581e-05,pi2_0_0_0_0,13,100,1e-08,-1,10x_growth
1076,1.0738e-05,DD_0_0,14,2,1e-07,-1,10x_growth
1077,6.88955e-06,Dr_0_0_l_0,14,2,1e-07,-1,10x_growth
1078,0.0068378,Hl_0_0,14,2,1e-07,-1,10x_growth
1079,0.0101193,Hr_0_0,14,2,1e-07,-1,10x_growth
1080,7.05791e-05,pi2_0_0_0_0,14,2,1e-07,-1,10x_growth
1081,1.10862e-05,DD_0_0,14,5,1e-07,-1,10x_growth
1082,7.07405e-06,Dr_0_0_l_0,14,5,1e-07,-1,10x_growth
1083,0.00690339,Hl_0_0,14,5,1e-07,-1,10x_growth
1084,0.0101192,Hr_0_0,14,5,1e-07,-1,10x_growth
1085,7.12539e-05,pi2_0_0_0_0,14,5,1e-07,-1,10x_growth
1086,1.10855e-05,DD_0_0,14,10,1e-07,-1,10x_growth
1087,7.07602e-06,Dr_0_0_l_0,14,10,1e-07,-1,10x_growth
1088,0.00690295,Hl_0_0,14,10,1e-07,-1,10x_growth
1089,0.0101192,Hr_0_0,14,10,1e-07,-1,10x_growth
1090,7.12499e-05,pi2_0_0_0_0,14,10,1e-07,-1,10x_growth
1091,1.10855e-05,DD_0_0,14,20,1e-07,-1,10x_growth
1092,7.07602e-06,Dr_0_0_l_0,14,20,1e-07,-1,10x_growth
1093,0.00690295,Hl_0_0,14,20,1e-07,-1,10x_growth
1094,0.0101192,Hr_0_0,14,20,1e-07,-1,10x_growth
1095,7.12499e-05,pi2_0_0_0_0,14,20,1e-07,-1,10x_growth
1096,1.10855e-05,DD_0_0,14,100,1e-07,-1,10x_growth
1097,7.07602e-06,Dr_0_0_l_0,14,100,1e-07,-1,10x_growth
1098,0.00690295,Hl_0_0,14,100,1e-07,-1,10x_growth
1099,0.0101192,Hr_0_0,14,100,1e-07,-1,10x_growth
1100,7.12499e-05,pi2_0_0_0_0,14,100,1e-07,-1,10x_growth
1101,1.01583e-05,DD_0_0,15,2,1e-06,-1,10x_growth
1102,6.42231e-06,Dr_0_0_l_0,15,2,1e-06,-1,10x_growth
1103,0.0068378,Hl_0_0,15,2,1e-06,-1,10x_growth
1104,0.0101194,Hr_0_0,15,2,1e-06,-1,10x_growth
1105,7.05021e-05,pi2_0_0_0_0,15,2,1e-06,-1,10x_growth
1106,1.04743e-05,DD_0_0,15,5,1e-06,-1,10x_growth
1107,6.58896e-06,Dr_0_0_l_0,15,5,1e-06,-1,10x_growth
1108,0.00690339,Hl_0_0,15,5,1e-06,-1,10x_growth
1109,0.0101194,Hr_0_0,15,5,1e-06,-1,10x_growth
1110,7.11762e-05,pi2_0_0_0_0,15,5,1e-06,-1,10x_growth
1111,1.04736e-05,DD_0_0,15,10,1e-06,-1,10x_growth
1112,6.59072e-06,Dr_0_0_l_0,15,10,1e-06,-1,10x_growth
1113,0.00690295,Hl_0_0,15,10,1e-06,-1,10x_growth
1114,0.0101194,Hr_0_0,15,10,1e-06,-1,10x_growth
1115,7.11722e-05,pi2_0_0_0_0,15,10,1e-06,-1,10x_growth
1116,1.04736e-05,DD_0_0,15,20,1e-06,-1,10x_growth
1117,6.59072e-06,Dr_0_0_l_0,15,20,1e-06,-1,10x_growth
1118,0.00690295,Hl_0_0,15,20,1e-06,-1,10x_growth
1119,0.0101194,Hr_0_0,15,20,1e-06,-1,10x_growth
1120,7.11722e-05,pi2_0_0_0_0,15,20,1e-06,-1,10x_growth
1121,1.04736e-05,DD_0_0,15,100,1e-06,-1,10x_growth
1122,6.59072e-06,Dr_0_0_l_0,15,100,1e-06,-1,10x_growth
1123,0.00690295,Hl_0_0,15,100,1e-06,-1,10x_growth
1124,0.0101194,Hr_0_0,15,100,1e-06,-1,10x_growth
1125,7.11722e-05,pi2_0_0_0_0,15,100,1e-06,-1,10x_growth
1126,6.59255e-06,DD_0_0,16,2,1e-05,-1,10x_growth
1127,3.60486e-06,Dr_0_0_l_0,16,2,1e-05,-1,10x_growth
1128,0.0068378,Hl_0_0,16,2,1e-05,-1,10x_growth
1129,0.0101202,Hr_0_0,16,2,1e-05,-1,10x_growth
1130,7.00048e-05,pi2_0_0_0_0,16,2,1e-05,-1,10x_growth
1131,6.74083e-06,DD_0_0,16,5,1e-05,-1,10x_growth
1132,3.67547e-06,Dr_0_0_l_0,16,5,1e-05,-1,10x_growth
1133,0.00690339,Hl_0_0,16,5,1e-05,-1,10x_growth
1134,0.0101202,Hr_0_0,16,5,1e-05,-1,10x_growth
1135,7.06746e-05,pi2_0_0_0_0,16,5,1e-05,-1,10x_growth
1136,6.74003e-06,DD_0_0,16,10,1e-05,-1,10x_growth
1137,3.67612e-06,Dr_0_0_l_0,16,10,1e-05,-1,10x_growth
1138,0.00690295,Hl_0_0,16,10,1e-05,-1,10x_growth
1139,0.0101202,Hr_0_0,16,10,1e-05,-1,10x_growth
1140,7.06704e-05,pi2_0_0_0_0,16,10,1e-05,-1,10x_growth
1141,6.74003e-06,DD_0_0,16,20,1e-05,-1,10x_growth
1142,3.67612e-06,Dr_0_0_l_0,16,20,1e-05,-1,10x_growth
1143,0.00690295,Hl_0_0,16,20,1e-05,-1,10x_growth
1144,0.0101202,Hr_0_0,16,20,1e-05,-1,10x_growth
1145,7.06704e-05,pi2_0_0_0_0,16,20,1e-05,-1,10x_growth
1146,6.74003e-06,DD_0_0,16,100,1e-05,-1,10x_growth
1147,3.67612e-06,Dr_0_0_l_0,16,100,1e-05,-1,10x_growth
1148,0.00690295,Hl_0_0,16,100,1e-05,-1,10x_growth
1149,0.0101202,Hr_0_0,16,100,1e-05,-1,10x_growth
1150,7.06704e-05,pi2_0_0_0_0,16,100,1e-05,-1,10x_growth
1151,1.47573e-06,DD_0_0,17,2,1e-04,-1,10x_growth
1152,3.30768e-07,Dr_0_0_l_0,17,2,1e-04,-1,10x_growth
1153,0.0068378,Hl_0_0,17,2,1e-04,-1,10x_growth
1154,0.0101212,Hr_0_0,17,2,1e-04,-1,10x_growth
1155,6.93096e-05,pi2_0_0_0_0,17,2,1e-04,-1,10x_growth
1156,1.49283e-06,DD_0_0,17,5,1e-04,-1,10x_growth
1157,3.32116e-07,Dr_0_0_l_0,17,5,1e-04,-1,10x_growth
1158,0.00690339,Hl_0_0,17,5,1e-04,-1,10x_growth
1159,0.0101212,Hr_0_0,17,5,1e-04,-1,10x_growth
1160,6.99742e-05,pi2_0_0_0_0,17,5,1e-04,-1,10x_growth
1161,1.49271e-06,DD_0_0,17,10,1e-04,-1,10x_growth
1162,3.32153e-07,Dr_0_0_l_0,17,10,1e-04,-1,10x_growth
1163,0.00690295,Hl_0_0,17,10,1e-04,-1,10x_growth
1164,0.0101212,Hr_0_0,17,10,1e-04,-1,10x_growth
1165,6.99697e-05,pi2_0_0_0_0,17,10,1e-04,-1,10x_growth
1166,1.49271e-06,DD_0_0,17,20,1e-04,-1,10x_growth
1167,3.32153e-07,Dr_0_0_l_0,17,20,1e-04,-1,10x_growth
1168,0.00690295,Hl_0_0,17,20,1e-04,-1,10x_growth
1169,0.0101212,Hr_0_0,17,20,1e-04,-1,10x_growth
1170,6.99697e-05,pi2_0_0_0_0,17,20,1e-04,-1,10x_growth
1171,1.49271e-06,DD_0_0,17,100,1e-04,-1,10x_growth
1172,3.32153e-07,Dr_0_0_l_0,17,100,1e-04,-1,10x_growth
1173,0.00690295,Hl_0_0,17,100,1e-04,-1,10x_growth
1174,0.0101212,Hr_0_0,17,100,1e-04,-1,10x_growth
1175,6.99697e-05,pi2_0_0_0_0,17,100,1e-04,-1,10x_growth
1176,1.69957e-07,DD_0_0,18,2,0.001,-1,10x_growth
1177,5.45705e-09,Dr_0_0_l_0,18,2,0.001,-1,10x_growth
1178,0.0068378,Hl_0_0,18,2,0.001,-1,10x_growth
1179,0.0101213,Hr_0_0,18,2,0.001,-1,10x_growth
1180,6.92094e-05,pi2_0_0_0_0,18,2,0.001,-1,10x_growth
1181,1.71622e-07,DD_0_0,18,5,0.001,-1,10x_growth
1182,5.42894e-09,Dr_0_0_l_0,18,5,0.001,-1,10x_growth
1183,0.00690339,Hl_0_0,18,5,0.001,-1,10x_growth
1184,0.0101213,Hr_0_0,18,5,0.001,-1,10x_growth
1185,6.98733e-05,pi2_0_0_0_0,18,5,0.001,-1,10x_growth
1186,1.71611e-07,DD_0_0,18,10,0.001,-1,10x_growth
1187,5.42951e-09,Dr_0_0_l_0,18,10,0.001,-1,10x_growth
1188,0.00690295,Hl_0_0,18,10,0.001,-1,10x_growth
1189,0.0101213,Hr_0_0,18,10,0.001,-1,10x_growth
1190,6.98688e-05,pi2_0_0_0_0,18,10,0.001,-1,10x_growth
1191,1.71611e-07,DD_0_0,18,20,0.001,-1,10x_growth
1192,5.42951e-09,Dr_0_0_l_0,18,20,0.001,-1,10x_growth
1193,0.00690295,Hl_0_0,18,20,0.001,-1,10x_growth
1194,0.0101213,Hr_0_0,18,20,0.001,-1,10x_growth
1195,6.98688e-05,pi2_0_0_0_0,18,20,0.001,-1,10x_growth
1196,1.71611e-07,DD_0_0,18,100,0.001,-1,10x_growth
1197,5.42951e-09,Dr_0_0_l_0,18,100,0.001,-1,10x_growth
1198,0.00690295,Hl_0_0,18,100,0.001,-1,10x_growth
1199,0.0101213,Hr_0_0,18,100,0.001,-1,10x_growth
1200,6.98688e-05,pi2_0_0_0_0,18,100,0.001,-1,10x_growth
1201,1.11574e-07,DD_0_0,19,2,1e-08,-10,10x_growth
1202,2.05316e-07,Dr_0_0_l_0,19,2,1e-08,-10,10x_growth
1203,0.000895192,Hl_0_0,19,2,1e-08,-10,10x_growth
1204,0.01012,Hr_0_0,19,2,1e-08,-10,10x_growth
1205,9.09793e-06,pi2_0_0_0_0,19,2,1e-08,-10,10x_growth
1206,5.80581e-07,DD_0_0,19,5,1e-08,-10,10x_growth
1207,8.20307e-07,Dr_0_0_l_0,19,5,1e-08,-10,10x_growth
1208,0.00114746,Hl_0_0,19,5,1e-08,-10,10x_growth
1209,0.0101114,Hr_0_0,19,5,1e-08,-10,10x_growth
1210,1.13178e-05,pi2_0_0_0_0,19,5,1e-08,-10,10x_growth
1211,-4.77535e-08,DD_0_0,19,10,1e-08,-10,10x_growth
1212,4.88435e-08,Dr_0_0_l_0,19,10,1e-08,-10,10x_growth
1213,0.000884616,Hl_0_0,19,10,1e-08,-10,10x_growth
1214,0.010122,Hr_0_0,19,10,1e-08,-10,10x_growth
1215,9.22096e-06,pi2_0_0_0_0,19,10,1e-08,-10,10x_growth
1216,1.65152e-07,DD_0_0,19,20,1e-08,-10,10x_growth
1217,3.17686e-07,Dr_0_0_l_0,19,20,1e-08,-10,10x_growth
1218,0.000969625,Hl_0_0,19,20,1e-08,-10,10x_growth
1219,0.0101183,Hr_0_0,19,20,1e-08,-10,10x_growth
1220,9.90703e-06,pi2_0_0_0_0,19,20,1e-08,-10,10x_growth
1221,2.63517e-07,DD_0_0,19,100,1e-08,-10,10x_growth
1222,4.33452e-07,Dr_0_0_l_0,19,100,1e-08,-10,10x_growth
1223,0.00100004,Hl_0_0,19,100,1e-08,-10,10x_growth
1224,0.010117,Hr_0_0,19,100,1e-08,-10,10x_growth
1225,1.0129e-05,pi2_0_0_0_0,19,100,1e-08,-10,10x_growth
1226,1.11685e-07,DD_0_0,20,2,1e-07,-10,10x_growth
1227,2.0539e-07,Dr_0_0_l_0,20,2,1e-07,-10,10x_growth
1228,0.000895192,Hl_0_0,20,2,1e-07,-10,10x_growth
1229,0.01012,Hr_0_0,20,2,1e-07,-10,10x_growth
1230,9.09789e-06,pi2_0_0_0_0,20,2,1e-07,-10,10x_growth
1231,5.79117e-07,DD_0_0,20,5,1e-07,-10,10x_growth
1232,8.17336e-07,Dr_0_0_l_0,20,5,1e-07,-10,10x_growth
1233,0.00114746,Hl_0_0,20,5,1e-07,-10,10x_growth
1234,0.0101115,Hr_0_0,20,5,1e-07,-10,10x_growth
1235,1.1319e-05,pi2_0_0_0_0,20,5,1e-07,-10,10x_growth
1236,-4.669e-08,DD_0_0,20,10,1e-07,-10,10x_growth
1237,5.05492e-08,Dr_0_0_l_0,20,10,1e-07,-10,10x_growth
1238,0.000884616,Hl_0_0,20,10,1e-07,-10,10x_growth
1239,0.010122,Hr_0_0,20,10,1e-07,-10,10x_growth
1240,9.21997e-06,pi2_0_0_0_0,20,10,1e-07,-10,10x_growth
1241,1.65363e-07,DD_0_0,20,20,1e-07,-10,10x_growth
1242,3.17725e-07,Dr_0_0_l_0,20,20,1e-07,-10,10x_growth
1243,0.000969625,Hl_0_0,20,20,1e-07,-10,10x_growth
1244,0.0101183,Hr_0_0,20,20,1e-07,-10,10x_growth
1245,9.90664e-06,pi2_0_0_0_0,20,20,1e-07,-10,10x_growth
1246,2.63253e-07,DD_0_0,20,100,1e-07,-10,10x_growth
1247,4.32687e-07,Dr_0_0_l_0,20,100,1e-07,-10,10x_growth
1248,0.00100004,Hl_0_0,20,100,1e-07,-10,10x_growth
1249,0.010117,Hr_0_0,20,100,1e-07,-10,10x_growth
1250,1.0129e-05,pi2_0_0_0_0,20,100,1e-07,-10,10x_growth
1251,1.12763e-07,DD_0_0,21,2,1e-06,-10,10x_growth
1252,2.06054e-07,Dr_0_0_l_0,21,2,1e-06,-10,10x_growth
1253,0.000895192,Hl_0_0,21,2,1e-06,-10,10x_growth
1254,0.01012,Hr_0_0,21,2,1e-06,-10,10x_growth
1255,9.09743e-06,pi2_0_0_0_0,21,2,1e-06,-10,10x_growth
1256,5.64871e-07,DD_0_0,21,5,1e-06,-10,10x_growth
1257,7.88558e-07,Dr_0_0_l_0,21,5,1e-06,-10,10x_growth
1258,0.00114746,Hl_0_0,21,5,1e-06,-10,10x_growth
1259,0.0101118,Hr_0_0,21,5,1e-06,-10,10x_growth
1260,1.13309e-05,pi2_0_0_0_0,21,5,1e-06,-10,10x_growth
1261,-3.64388e-08,DD_0_0,21,10,1e-06,-10,10x_growth
1262,6.67644e-08,Dr_0_0_l_0,21,10,1e-06,-10,10x_growth
1263,0.000884616,Hl_0_0,21,10,1e-06,-10,10x_growth
1264,0.0101219,Hr_0_0,21,10,1e-06,-10,10x_growth
1265,9.21027e-06,pi2_0_0_0_0,21,10,1e-06,-10,10x_growth
1266,1.67341e-07,DD_0_0,21,20,1e-06,-10,10x_growth
1267,3.179e-07,Dr_0_0_l_0,21,20,1e-06,-10,10x_growth
1268,0.000969625,Hl_0_0,21,20,1e-06,-10,10x_growth
1269,0.0101183,Hr_0_0,21,20,1e-06,-10,10x_growth
1270,9.90293e-06,pi2_0_0_0_0,21,20,1e-06,-10,10x_growth
1271,2.60646e-07,DD_0_0,21,100,1e-06,-10,10x_growth
1272,4.25148e-07,Dr_0_0_l_0,21,100,1e-06,-10,10x_growth
1273,0.00100004,Hl_0_0,21,100,1e-06,-10,10x_growth
1274,0.0101171,Hr_0_0,21,100,1e-06,-10,10x_growth
1275,1.0129e-05,pi2_0_0_0_0,21,100,1e-06,-10,10x_growth
1276,1.20621e-07,DD_0_0,22,2,1e-05,-10,10x_growth
1277,2.06384e-07,Dr_0_0_l_0,22,2,1e-05,-10,10x_growth
1278,0.000895192,Hl_0_0,22,2,1e-05,-10,10x_growth
1279,0.01012,Hr_0_0,22,2,1e-05,-10,10x_growth
1280,9.0932e-06,pi2_0_0_0_0,22,2,1e-05,-10,10x_growth
1281,4.53438e-07,DD_0_0,22,5,1e-05,-10,10x_growth
1282,5.72586e-07,Dr_0_0_l_0,22,5,1e-05,-10,10x_growth
1283,0.00114746,Hl_0_0,22,5,1e-05,-10,10x_growth
1284,0.0101145,Hr_0_0,22,5,1e-05,-10,10x_growth
1285,1.14202e-05,pi2_0_0_0_0,22,5,1e-05,-10,10x_growth
1286,3.60061e-08,DD_0_0,22,10,1e-05,-10,10x_growth
1287,1.66059e-07,Dr_0_0_l_0,22,10,1e-05,-10,10x_growth
1288,0.000884616,Hl_0_0,22,10,1e-05,-10,10x_growth
1289,0.010121,Hr_0_0,22,10,1e-05,-10,10x_growth
1290,9.13425e-06,pi2_0_0_0_0,22,10,1e-05,-10,10x_growth
1291,1.77081e-07,DD_0_0,22,20,1e-05,-10,10x_growth
1292,3.04658e-07,Dr_0_0_l_0,22,20,1e-05,-10,10x_growth
1293,0.000969625,Hl_0_0,22,20,1e-05,-10,10x_growth
1294,0.0101187,Hr_0_0,22,20,1e-05,-10,10x_growth
1295,9.87483e-06,pi2_0_0_0_0,22,20,1e-05,-10,10x_growth
1296,2.37273e-07,DD_0_0,22,100,1e-05,-10,10x_growth
1297,3.59872e-07,Dr_0_0_l_0,22,100,1e-05,-10,10x_growth
1298,0.00100004,Hl_0_0,22,100,1e-05,-10,10x_growth
1299,0.010118,Hr_0_0,22,100,1e-05,-10,10x_growth
1300,1.01286e-05,pi2_0_0_0_0,22,100,1e-05,-10,10x_growth
1301,9.96986e-08,DD_0_0,23,2,1e-04,-10,10x_growth
1302,1.00193e-07,Dr_0_0_l_0,23,2,1e-04,-10,10x_growth
1303,0.000895192,Hl_0_0,23,2,1e-04,-10,10x_growth
1304,0.0101206,Hr_0_0,23,2,1e-04,-10,10x_growth
1305,9.0706e-06,pi2_0_0_0_0,23,2,1e-04,-10,10x_growth
1306,1.65176e-07,DD_0_0,23,5,1e-04,-10,10x_growth
1307,1.20108e-07,Dr_0_0_l_0,23,5,1e-04,-10,10x_growth
1308,0.00114746,Hl_0_0,23,5,1e-04,-10,10x_growth
1309,0.0101201,Hr_0_0,23,5,1e-04,-10,10x_growth
1310,1.15946e-05,pi2_0_0_0_0,23,5,1e-04,-10,10x_growth
1311,9.63125e-08,DD_0_0,23,10,1e-04,-10,10x_growth
1312,1.11155e-07,Dr_0_0_l_0,23,10,1e-04,-10,10x_growth
1313,0.000884616,Hl_0_0,23,10,1e-04,-10,10x_growth
1314,0.0101206,Hr_0_0,23,10,1e-04,-10,10x_growth
1315,8.97436e-06,pi2_0_0_0_0,23,10,1e-04,-10,10x_growth
1316,1.18616e-07,DD_0_0,23,20,1e-04,-10,10x_growth
1317,1.13392e-07,Dr_0_0_l_0,23,20,1e-04,-10,10x_growth
1318,0.000969625,Hl_0_0,23,20,1e-04,-10,10x_growth
1319,0.0101205,Hr_0_0,23,20,1e-04,-10,10x_growth
1320,9.82202e-06,pi2_0_0_0_0,23,20,1e-04,-10,10x_growth
1321,1.26653e-07,DD_0_0,23,100,1e-04,-10,10x_growth
1322,1.14048e-07,Dr_0_0_l_0,23,100,1e-04,-10,10x_growth
1323,0.00100004,Hl_0_0,23,100,1e-04,-10,10x_growth
1324,0.0101204,Hr_0_0,23,100,1e-04,-10,10x_growth
1325,1.01252e-05,pi2_0_0_0_0,23,100,1e-04,-10,10x_growth
1326,2.02841e-08,DD_0_0,24,2,0.001,-10,10x_growth
1327,4.13647e-09,Dr_0_0_l_0,24,2,0.001,-10,10x_growth
1328,0.000895192,Hl_0_0,24,2,0.001,-10,10x_growth
1329,0.0101213,Hr_0_0,24,2,0.001,-10,10x_growth
1330,9.06076e-06,pi2_0_0_0_0,24,2,0.001,-10,10x_growth
1331,2.66456e-08,DD_0_0,24,5,0.001,-10,10x_growth
1332,4.23709e-09,Dr_0_0_l_0,24,5,0.001,-10,10x_growth
1333,0.00114746,Hl_0_0,24,5,0.001,-10,10x_growth
1334,0.0101213,Hr_0_0,24,5,0.001,-10,10x_growth
1335,1.16136e-05,pi2_0_0_0_0,24,5,0.001,-10,10x_growth
1336,2.00186e-08,DD_0_0,24,10,0.001,-10,10x_growth
1337,4.18785e-09,Dr_0_0_l_0,24,10,0.001,-10,10x_growth
1338,0.000884616,Hl_0_0,24,10,0.001,-10,10x_growth
1339,0.0101213,Hr_0_0,24,10,0.001,-10,10x_growth
1340,8.95378e-06,pi2_0_0_0_0,24,10,0.001,-10,10x_growth
1341,2.21613e-08,DD_0_0,24,20,0.001,-10,10x_growth
1342,4.20605e-09,Dr_0_0_l_0,24,20,0.001,-10,10x_growth
1343,0.000969625,Hl_0_0,24,20,0.001,-10,10x_growth
1344,0.0101213,Hr_0_0,24,20,0.001,-10,10x_growth
1345,9.81404e-06,pi2_0_0_0_0,24,20,0.001,-10,10x_growth
1346,2.29283e-08,DD_0_0,24,100,0.001,-10,10x_growth
1347,4.21093e-09,Dr_0_0_l_0,24,100,0.001,-10,10x_growth
1348,0.00100004,Hl_0_0,24,100,0.001,-10,10x_growth
1349,0.0101213,Hr_0_0,24,100,0.001,-10,10x_growth
1350,1.01218e-05,pi2_0_0_0_0,24,100,0.001,-10,10x_growth
1351,2.31982e-09,DD_0_0,25,2,1e-08,-100,10x_growth
1352,4.55202e-09,Dr_0_0_l_0,25,2,1e-08,-100,10x_growth
1353,9.85517e-05,Hl_0_0,25,2,1e-08,-100,10x_growth
1354,0.010121,Hr_0_0,25,2,1e-08,-100,10x_growth
1355,9.9748e-07,pi2_0_0_0_0,25,2,1e-08,-100,10x_growth
1356,3.60791e-09,DD_0_0,25,5,1e-08,-100,10x_growth
1357,7.00727e-09,Dr_0_0_l_0,25,5,1e-08,-100,10x_growth
1358,0.000103215,Hl_0_0,25,5,1e-08,-100,10x_growth
1359,0.0101202,Hr_0_0,25,5,1e-08,-100,10x_growth
1360,1.04244e-06,pi2_0_0_0_0,25,5,1e-08,-100,10x_growth
1361,5.2941e-10,DD_0_0,25,10,1e-08,-100,10x_growth
1362,1.13938e-09,Dr_0_0_l_0,25,10,1e-08,-100,10x_growth
1363,9.52868e-05,Hl_0_0,25,10,1e-08,-100,10x_growth
1364,0.0101218,Hr_0_0,25,10,1e-08,-100,10x_growth
1365,9.66648e-07,pi2_0_0_0_0,25,10,1e-08,-100,10x_growth
1366,-3.08109e-09,DD_0_0,25,20,1e-08,-100,10x_growth
1367,-5.69781e-09,Dr_0_0_l_0,25,20,1e-08,-100,10x_growth
1368,9.22363e-05,Hl_0_0,25,20,1e-08,-100,10x_growth
1369,0.0101227,Hr_0_0,25,20,1e-08,-100,10x_growth
1370,9.41608e-07,pi2_0_0_0_0,25,20,1e-08,-100,10x_growth
1371,-2.31465e-08,DD_0_0,25,100,1e-08,-100,10x_growth
1372,-4.35038e-08,Dr_0_0_l_0,25,100,1e-08,-100,10x_growth
1373,8.88411e-05,Hl_0_0,25,100,1e-08,-100,10x_growth
1374,0.0101293,Hr_0_0,25,100,1e-08,-100,10x_growth
1375,9.45547e-07,pi2_0_0_0_0,25,100,1e-08,-100,10x_growth
1376,2.31964e-09,DD_0_0,26,2,1e-07,-100,10x_growth
1377,4.55127e-09,Dr_0_0_l_0,26,2,1e-07,-100,10x_growth
1378,9.85517e-05,Hl_0_0,26,2,1e-07,-100,10x_growth
1379,0.010121,Hr_0_0,26,2,1e-07,-100,10x_growth
1380,9.9748e-07,pi2_0_0_0_0,26,2,1e-07,-100,10x_growth
1381,3.60716e-09,DD_0_0,26,5,1e-07,-100,10x_growth
1382,7.00493e-09,Dr_0_0_l_0,26,5,1e-07,-100,10x_growth
1383,0.000103215,Hl_0_0,26,5,1e-07,-100,10x_growth
1384,0.0101202,Hr_0_0,26,5,1e-07,-100,10x_growth
1385,1.04244e-06,pi2_0_0_0_0,26,5,1e-07,-100,10x_growth
1386,5.30007e-10,DD_0_0,26,10,1e-07,-100,10x_growth
1387,1.14087e-09,Dr_0_0_l_0,26,10,1e-07,-100,10x_growth
1388,9.52868e-05,Hl_0_0,26,10,1e-07,-100,10x_growth
1389,0.0101218,Hr_0_0,26,10,1e-07,-100,10x_growth
1390,9.66647e-07,pi2_0_0_0_0,26,10,1e-07,-100,10x_growth
1391,-3.07831e-09,DD_0_0,26,20,1e-07,-100,10x_growth
1392,-5.69048e-09,Dr_0_0_l_0,26,20,1e-07,-100,10x_growth
1393,9.22363e-05,Hl_0_0,26,20,1e-07,-100,10x_growth
1394,0.0101227,Hr_0_0,26,20,1e-07,-100,10x_growth
1395,9.41605e-07,pi2_0_0_0_0,26,20,1e-07,-100,10x_growth
1396,-2.31253e-08,DD_0_0,26,100,1e-07,-100,10x_growth
1397,-4.34515e-08,Dr_0_0_l_0,26,100,1e-07,-100,10x_growth
1398,8.88411e-05,Hl_0_0,26,100,1e-07,-100,10x_growth
1399,0.0101293,Hr_0_0,26,100,1e-07,-100,10x_growth
1400,9.45513e-07,pi2_0_0_0_0,26,100,1e-07,-100,10x_growth
1401,2.31782e-09,DD_0_0,27,2,1e-06,-100,10x_growth
1402,4.54383e-09,Dr_0_0_l_0,27,2,1e-06,-100,10x_growth
1403,9.85517e-05,Hl_0_0,27,2,1e-06,-100,10x_growth
1404,0.010121,Hr_0_0,27,2,1e-06,-100,10x_growth
1405,9.9748e-07,pi2_0_0_0_0,27,2,1e-06,-100,10x_growth
1406,3.59973e-09,DD_0_0,27,5,1e-06,-100,10x_growth
1407,6.98161e-09,Dr_0_0_l_0,27,5,1e-06,-100,10x_growth
1408,0.000103215,Hl_0_0,27,5,1e-06,-100,10x_growth
1409,0.0101202,Hr_0_0,27,5,1e-06,-100,10x_growth
1410,1.04245e-06,pi2_0_0_0_0,27,5,1e-06,-100,10x_growth
1411,5.35959e-10,DD_0_0,27,10,1e-06,-100,10x_growth
1412,1.15575e-09,Dr_0_0_l_0,27,10,1e-06,-100,10x_growth
1413,9.52868e-05,Hl_0_0,27,10,1e-06,-100,10x_growth
1414,0.0101218,Hr_0_0,27,10,1e-06,-100,10x_growth
1415,9.66641e-07,pi2_0_0_0_0,27,10,1e-06,-100,10x_growth
1416,-3.05066e-09,DD_0_0,27,20,1e-06,-100,10x_growth
1417,-5.61749e-09,Dr_0_0_l_0,27,20,1e-06,-100,10x_growth
1418,9.22363e-05,Hl_0_0,27,20,1e-06,-100,10x_growth
1419,0.0101227,Hr_0_0,27,20,1e-06,-100,10x_growth
1420,9.41572e-07,pi2_0_0_0_0,27,20,1e-06,-100,10x_growth
1421,-2.29147e-08,DD_0_0,27,100,1e-06,-100,10x_growth
1422,-4.29317e-08,Dr_0_0_l_0,27,100,1e-06,-100,10x_growth
1423,8.88411e-05,Hl_0_0,27,100,1e-06,-100,10x_growth
1424,0.0101292,Hr_0_0,27,100,1e-06,-100,10x_growth
1425,9.45177e-07,pi2_0_0_0_0,27,100,1e-06,-100,10x_growth
1426,2.29976e-09,DD_0_0,28,2,1e-05,-100,10x_growth
1427,4.47044e-09,Dr_0_0_l_0,28,2,1e-05,-100,10x_growth
1428,9.85517e-05,Hl_0_0,28,2,1e-05,-100,10x_growth
1429,0.010121,Hr_0_0,28,2,1e-05,-100,10x_growth
1430,9.9748e-07,pi2_0_0_0_0,28,2,1e-05,-100,10x_growth
1431,3.52771e-09,DD_0_0,28,5,1e-05,-100,10x_growth
1432,6.7565e-09,Dr_0_0_l_0,28,5,1e-05,-100,10x_growth
1433,0.000103215,Hl_0_0,28,5,1e-05,-100,10x_growth
1434,0.0101202,Hr_0_0,28,5,1e-05,-100,10x_growth
1435,1.04257e-06,pi2_0_0_0_0,28,5,1e-05,-100,10x_growth
1436,5.93803e-10,DD_0_0,28,10,1e-05,-100,10x_growth
1437,1.29847e-09,Dr_0_0_l_0,28,10,1e-05,-100,10x_growth
1438,9.52868e-05,Hl_0_0,28,10,1e-05,-100,10x_growth
1439,0.0101217,Hr_0_0,28,10,1e-05,-100,10x_growth
1440,9.66582e-07,pi2_0_0_0_0,28,10,1e-05,-100,10x_growth
1441,-2.78333e-09,DD_0_0,28,20,1e-05,-100,10x_growth
1442,-4.91909e-09,Dr_0_0_l_0,28,20,1e-05,-100,10x_growth
1443,9.22363e-05,Hl_0_0,28,20,1e-05,-100,10x_growth
1444,0.0101226,Hr_0_0,28,20,1e-05,-100,10x_growth
1445,9.41244e-07,pi2_0_0_0_0,28,20,1e-05,-100,10x_growth
1446,-2.0914e-08,DD_0_0,28,100,1e-05,-100,10x_growth
1447,-3.8045e-08,Dr_0_0_l_0,28,100,1e-05,-100,10x_growth
1448,8.88411e-05,Hl_0_0,28,100,1e-05,-100,10x_growth
1449,0.0101286,Hr_0_0,28,100,1e-05,-100,10x_growth
1450,9.41957e-07,pi2_0_0_0_0,28,100,1e-05,-100,10x_growth
1451,2.13439e-09,DD_0_0,29,2,1e-04,-100,10x_growth
1452,3.82675e-09,Dr_0_0_l_0,29,2,1e-04,-100,10x_growth
1453,9.85517e-05,Hl_0_0,29,2,1e-04,-100,10x_growth
1454,0.0101211,Hr_0_0,29,2,1e-04,-100,10x_growth
1455,9.97484e-07,pi2_0_0_0_0,29,2,1e-04,-100,10x_growth
1456,2.97418e-09,DD_0_0,29,5,1e-04,-100,10x_growth
1457,5.09886e-09,Dr_0_0_l_0,29,5,1e-04,-100,10x_growth
1458,0.000103215,Hl_0_0,29,5,1e-04,-100,10x_growth
1459,0.0101206,Hr_0_0,29,5,1e-04,-100,10x_growth
1460,1.04337e-06,pi2_0_0_0_0,29,5,1e-04,-100,10x_growth
1461,1.02186e-09,DD_0_0,29,10,1e-04,-100,10x_growth
1462,2.21535e-09,Dr_0_0_l_0,29,10,1e-04,-100,10x_growth
1463,9.52868e-05,Hl_0_0,29,10,1e-04,-100,10x_growth
1464,0.0101215,Hr_0_0,29,10,1e-04,-100,10x_growth
1465,9.66026e-07,pi2_0_0_0_0,29,10,1e-04,-100,10x_growth
1466,-8.65823e-10,DD_0_0,29,20,1e-04,-100,10x_growth
1467,-3.88847e-10,Dr_0_0_l_0,29,20,1e-04,-100,10x_growth
1468,9.22363e-05,Hl_0_0,29,20,1e-04,-100,10x_growth
1469,0.010122,Hr_0_0,29,20,1e-04,-100,10x_growth
1470,9.38584e-07,pi2_0_0_0_0,29,20,1e-04,-100,10x_growth
1471,-8.42111e-09,DD_0_0,29,100,1e-04,-100,10x_growth
1472,-1.03565e-08,Dr_0_0_l_0,29,100,1e-04,-100,10x_growth
1473,8.88411e-05,Hl_0_0,29,100,1e-04,-100,10x_growth
1474,0.0101244,Hr_0_0,29,100,1e-04,-100,10x_growth
1475,9.20548e-07,pi2_0_0_0_0,29,100,1e-04,-100,10x_growth
1476,1.22751e-09,DD_0_0,30,2,0.001,-100,10x_growth
1477,1.23078e-09,Dr_0_0_l_0,30,2,0.001,-100,10x_growth
1478,9.85517e-05,Hl_0_0,30,2,0.001,-100,10x_growth
1479,0.0101212,Hr_0_0,30,2,0.001,-100,10x_growth
1480,9.9747e-07,pi2_0_0_0_0,30,2,0.001,-100,10x_growth
1481,1.35831e-09,DD_0_0,30,5,0.001,-100,10x_growth
1482,1.26332e-09,Dr_0_0_l_0,30,5,0.001,-100,10x_growth
1483,0.000103215,Hl_0_0,30,5,0.001,-100,10x_growth
1484,0.0101212,Hr_0_0,30,5,0.001,-100,10x_growth
1485,1.04455e-06,pi2_0_0_0_0,30,5,0.001,-100,10x_growth
1486,1.12893e-09,DD_0_0,30,10,0.001,-100,10x_growth
1487,1.25714e-09,Dr_0_0_l_0,30,10,0.001,-100,10x_growth
1488,9.52868e-05,Hl_0_0,30,10,0.001,-100,10x_growth
1489,0.0101212,Hr_0_0,30,10,0.001,-100,10x_growth
1490,9.64543e-07,pi2_0_0_0_0,30,10,0.001,-100,10x_growth
1491,1.03652e-09,DD_0_0,30,20,0.001,-100,10x_growth
1492,1.28199e-09,Dr_0_0_l_0,30,20,0.001,-100,10x_growth
1493,9.22363e-05,Hl_0_0,30,20,0.001,-100,10x_growth
1494,0.0101212,Hr_0_0,30,20,0.001,-100,10x_growth
1495,9.33782e-07,pi2_0_0_0_0,30,20,0.001,-100,10x_growth
1496,9.33002e-10,DD_0_0,30,100,0.001,-100,10x_growth
1497,1.31726e-09,Dr_0_0_l_0,30,100,0.001,-100,10x_growth
1498,8.88411e-05,Hl_0_0,30,100,0.001,-100,10x_growth
1499,0.0101212,Hr_0_0,30,100,0.001,-100,10x_growth
1500,8.99558e-07,pi2_0_0_0_0,30,100,0.001,-100,10x_growth
